,name,games_played,field_goals,three_pointers,two_pointers,effected_field_goal,points,blocks,age,predicted_salary,player_img_link,norm_field_goals,norm_three_pointers,norm_two_pointers,norm_effect_goal,norm_blocks,norm_points
0,Precious Achiuwa,73,265,56,209,0.486,664,41,22,3462444.926443852,https://a.espncdn.com/combiner/i?img=/i/headshots/nba/players/full/4431679.png&w=350&h=254,64,54,71,24,79,62
1,Steven Adams,76,210,0,210,0.547,528,60,28,10016171.2612761,https://a.espncdn.com/combiner/i?img=/i/headshots/nba/players/full/2991235.png&w=350&h=254,54,7,72,63,90,50
2,Bam Adebayo,56,406,0,406,0.557,1068,44,24,28627343.2777784,https://a.espncdn.com/combiner/i?img=/i/headshots/nba/players/full/4066261.png&w=350&h=254,81,7,92,70,82,81
3,Santi Aldama,32,53,6,47,0.424,132,10,21,1978392.0812927247,https://a.espncdn.com/combiner/i?img=/i/headshots/nba/players/full/4593125.png&w=350&h=254,18,19,24,6,31,17
4,Nickeil Alexander-Walker,130,506,210,296,0.4456666666666666,1384,46,23,4943156.273785465,https://a.espncdn.com/combiner/i?img=/i/headshots/nba/players/full/4278039.png&w=350&h=254,90,94,83,10,83,90
5,Grayson Allen,66,255,159,96,0.588,733,18,26,9982383.301435428,https://a.espncdn.com/combiner/i?img=/i/headshots/nba/players/full/3135045.png&w=350&h=254,63,87,43,84,51,67
6,Jarrett Allen,56,369,1,368,0.678,904,75,23,20631115.95670304,https://a.espncdn.com/combiner/i?img=/i/headshots/nba/players/full/4066328.png&w=350&h=254,79,11,89,96,94,75
7,Jose Alvarado,54,131,32,99,0.5,330,7,23,2075774.484111379,https://a.espncdn.com/combiner/i?img=/i/headshots/nba/players/full/4277869.png&w=350&h=254,38,40,45,31,24,35
8,Kyle Anderson,69,209,36,173,0.484,521,45,28,7251416.507400307,https://a.espncdn.com/combiner/i?img=/i/headshots/nba/players/full/2993874.png&w=350&h=254,54,42,63,22,82,50
9,Giannis Antetokounmpo,67,689,71,618,0.582,2002,91,27,39031706.60775008,https://a.espncdn.com/combiner/i?img=/i/headshots/nba/players/full/3032977.png&w=350&h=254,97,62,98,81,96,97
10,Thanasis Antetokounmpo,48,70,2,68,0.555,171,12,29,2244554.534083161,https://a.espncdn.com/combiner/i?img=/i/headshots/nba/players/full/3102533.png&w=350&h=254,23,14,32,69,37,21
11,Cole Anthony,65,357,132,225,0.464,1062,17,21,5439413.117363979,https://a.espncdn.com/combiner/i?img=/i/headshots/nba/players/full/4432809.png&w=350&h=254,77,81,75,14,48,81
12,OG Anunoby,48,309,115,194,0.526,822,25,24,17547224.569231458,https://a.espncdn.com/combiner/i?img=/i/headshots/nba/players/full/3934719.png&w=350&h=254,73,76,68,48,64,71
13,Ryan Arcidiacono,10,6,4,2,0.667,16,0,27,1701439.998471827,https://a.espncdn.com/combiner/i?img=/i/headshots/nba/players/full/2991047.png&w=350&h=254,3,16,3,96,5,3
14,Trevor Ariza,24,33,20,13,0.434,96,6,36,1846102.569739417,https://a.espncdn.com/combiner/i?img=/i/headshots/nba/players/full/2426.png&w=350&h=254,12,33,9,8,21,14
15,D.J. Augustin,110,188,136,52,0.5823333333333333,588,2,34,5000815.390612365,https://a.espncdn.com/combiner/i?img=/i/headshots/nba/players/full/3415.png&w=350&h=254,48,82,27,82,11,55
16,Deni Avdija,82,250,82,168,0.503,685,44,21,4384281.147957761,https://a.espncdn.com/combiner/i?img=/i/headshots/nba/players/full/4683021.png&w=350&h=254,62,67,61,34,82,64
17,Deandre Ayton,58,442,7,435,0.639,997,40,23,23905406.2979555,https://a.espncdn.com/combiner/i?img=/i/headshots/nba/players/full/4278129.png&w=350&h=254,85,20,93,93,78,79
18,Udoka Azubuike,17,37,0,37,0.755,80,11,22,1982276.1371537903,https://a.espncdn.com/combiner/i?img=/i/headshots/nba/players/full/4066299.png&w=350&h=254,14,7,19,99,33,12
19,Marvin Bagley III,96,450,46,404,0.533,1080,36,22,10234709.509513471,https://a.espncdn.com/combiner/i?img=/i/headshots/nba/players/full/4277848.png&w=350&h=254,85,48,92,53,75,81
20,LaMelo Ball,75,538,220,318,0.517,1508,30,20,8220918.457936876,https://a.espncdn.com/combiner/i?img=/i/headshots/nba/players/full/4432816.png&w=350&h=254,92,95,85,41,70,92
21,Lonzo Ball,35,162,110,52,0.567,455,31,24,4490470.932704077,https://a.espncdn.com/combiner/i?img=/i/headshots/nba/players/full/4066421.png&w=350&h=254,43,75,27,75,71,45
22,Mo Bamba,71,296,107,189,0.566,756,118,23,10845211.1614389,https://a.espncdn.com/combiner/i?img=/i/headshots/nba/players/full/4277919.png&w=350&h=254,71,74,68,74,98,68
23,Desmond Bane,76,508,228,280,0.565,1384,29,23,4724993.6245412165,https://a.espncdn.com/combiner/i?img=/i/headshots/nba/players/full/4066320.png&w=350&h=254,90,96,81,74,69,90
24,Dalano Banton,64,83,13,70,0.443,205,10,22,1747442.12405964,https://a.espncdn.com/combiner/i?img=/i/headshots/nba/players/full/4397885.png&w=350&h=254,26,26,33,9,31,25
25,Harrison Barnes,77,391,142,249,0.554,1265,14,29,16473669.200973537,https://a.espncdn.com/combiner/i?img=/i/headshots/nba/players/full/6578.png&w=350&h=254,80,84,78,68,41,86
26,Scottie Barnes,74,459,58,401,0.524,1134,55,20,8178968.092196164,https://a.espncdn.com/combiner/i?img=/i/headshots/nba/players/full/4433134.png&w=350&h=254,86,56,91,45,88,83
27,RJ Barrett,70,487,138,349,0.466,1402,16,21,12580899.676152645,https://a.espncdn.com/combiner/i?img=/i/headshots/nba/players/full/4395625.png&w=350&h=254,89,83,87,14,46,90
28,Will Barton,71,392,157,235,0.525,1043,31,31,3165577.277149187,https://a.espncdn.com/combiner/i?img=/i/headshots/nba/players/full/6579.png&w=350&h=254,80,87,76,46,71,80
29,Charles Bassey,23,30,0,30,0.638,69,17,21,2185796.2908549225,https://a.espncdn.com/combiner/i?img=/i/headshots/nba/players/full/4397886.png&w=350&h=254,11,7,17,93,48,11
30,Keita Bates-Diop,59,136,17,119,0.549,335,14,26,1913414.2493415736,https://a.espncdn.com/combiner/i?img=/i/headshots/nba/players/full/3136779.png&w=350&h=254,39,31,50,64,41,36
31,Nicolas Batum,59,179,108,71,0.602,491,42,33,9627611.666516704,https://a.espncdn.com/combiner/i?img=/i/headshots/nba/players/full/3416.png&w=350&h=254,47,74,33,89,80,48
32,Darius Bazley,69,274,80,194,0.484,745,70,21,5539663.101644471,https://a.espncdn.com/combiner/i?img=/i/headshots/nba/players/full/4423545.png&w=350&h=254,66,66,68,22,92,67
33,Bradley Beal,40,348,63,285,0.492,928,15,28,33256858.829558726,https://a.espncdn.com/combiner/i?img=/i/headshots/nba/players/full/6580.png&w=350&h=254,76,58,82,27,44,76
34,Malik Beasley,79,332,240,92,0.532,953,12,25,12062821.40220872,https://a.espncdn.com/combiner/i?img=/i/headshots/nba/players/full/3907822.png&w=350&h=254,75,97,42,52,37,78
35,DeAndre' Bembry,112,248,30,218,0.5243333333333333,568,50,27,1368786.57976736,https://a.espncdn.com/combiner/i?img=/i/headshots/nba/players/full/3062667.png&w=350&h=254,61,39,73,45,85,53
36,Dāvis Bertāns,112,198,154,44,0.503,622,24,29,10489635.497838058,https://a.espncdn.com/combiner/i?img=/i/headshots/nba/players/full/6426.png&w=350&h=254,51,85,23,34,63,58
37,Patrick Beverley,58,177,83,94,0.501,533,52,33,7847685.733971985,https://a.espncdn.com/combiner/i?img=/i/headshots/nba/players/full/3964.png&w=350&h=254,46,68,42,32,87,50
38,Saddiq Bey,82,450,211,239,0.489,1321,16,22,5120413.42970233,https://a.espncdn.com/combiner/i?img=/i/headshots/nba/players/full/4397136.png&w=350&h=254,85,94,76,25,46,88
39,Khem Birch,55,97,0,97,0.485,247,26,29,5102836.920654941,https://a.espncdn.com/combiner/i?img=/i/headshots/nba/players/full/2578240.png&w=350&h=254,29,7,44,23,66,28
40,Goga Bitadze,50,131,23,108,0.565,349,42,22,1123846.2673104843,https://a.espncdn.com/combiner/i?img=/i/headshots/nba/players/full/4348700.png&w=350&h=254,38,35,48,74,80,38
41,Bismack Biyombo,36,86,0,86,0.593,210,26,29,2247778.5482032704,https://a.espncdn.com/combiner/i?img=/i/headshots/nba/players/full/6427.png&w=350&h=254,27,7,38,86,66,26
42,Eric Bledsoe,54,197,51,146,0.475,534,19,32,14704691.736835873,https://a.espncdn.com/combiner/i?img=/i/headshots/nba/players/full/4238.png&w=350&h=254,50,51,58,17,53,51
43,Bogdan Bogdanović,63,342,169,173,0.537,950,14,29,15891401.519693084,https://a.espncdn.com/combiner/i?img=/i/headshots/nba/players/full/3037789.png&w=350&h=254,76,89,63,56,41,78
44,Bojan Bogdanović,69,422,181,241,0.552,1248,1,32,19621243.55799153,https://a.espncdn.com/combiner/i?img=/i/headshots/nba/players/full/3593.png&w=350&h=254,83,91,77,66,8,85
45,Bol Bol,14,15,1,14,0.574,33,2,22,1992214.796549716,https://a.espncdn.com/combiner/i?img=/i/headshots/nba/players/full/4397102.png&w=350&h=254,7,11,10,78,11,5
46,Leandro Bolmaro,35,17,5,12,0.361,50,0,21,2130406.624225811,https://a.espncdn.com/combiner/i?img=/i/headshots/nba/players/full/4683025.png&w=350&h=254,8,17,8,3,5,8
47,Devin Booker,68,662,183,479,0.53,1822,26,25,32632791.563334312,https://a.espncdn.com/combiner/i?img=/i/headshots/nba/players/full/3136193.png&w=350&h=254,96,92,96,50,66,96
48,Brandon Boston Jr.,51,125,34,91,0.437,343,13,20,1756103.3874722584,https://a.espncdn.com/combiner/i?img=/i/headshots/nba/players/full/4432162.png&w=350&h=254,36,41,41,8,38,37
49,Chris Boucher,80,268,68,200,0.523,754,75,29,6813186.499621917,https://a.espncdn.com/combiner/i?img=/i/headshots/nba/players/full/3948153.png&w=350&h=254,66,60,70,44,94,68
50,James Bouknight,31,49,17,32,0.408,142,1,21,3766084.907399092,https://a.espncdn.com/combiner/i?img=/i/headshots/nba/players/full/4431712.png&w=350&h=254,16,31,18,6,8,18
51,Tony Bradley,55,72,0,72,0.585,163,33,24,1988441.868739308,https://a.espncdn.com/combiner/i?img=/i/headshots/nba/players/full/4065673.png&w=350&h=254,24,7,34,83,73,21
52,Mikal Bridges,82,458,115,343,0.601,1162,36,25,17061643.217882667,https://a.espncdn.com/combiner/i?img=/i/headshots/nba/players/full/3147657.png&w=350&h=254,86,76,86,88,75,84
53,Oshae Brissett,67,208,83,125,0.493,613,29,23,2636527.7454442857,https://a.espncdn.com/combiner/i?img=/i/headshots/nba/players/full/4278031.png&w=350&h=254,54,68,51,27,69,57
54,Malcolm Brogdon,36,243,58,185,0.501,687,14,29,21615564.939379293,https://a.espncdn.com/combiner/i?img=/i/headshots/nba/players/full/2566769.png&w=350&h=254,60,56,67,32,41,64
55,Dillon Brooks,32,227,46,181,0.475,590,8,26,12570902.077790417,https://a.espncdn.com/combiner/i?img=/i/headshots/nba/players/full/3155526.png&w=350&h=254,58,48,66,17,27,55
56,Bruce Brown,72,256,38,218,0.543,647,52,25,7702210.519120273,https://a.espncdn.com/combiner/i?img=/i/headshots/nba/players/full/4065670.png&w=350&h=254,63,43,73,61,87,61
57,Charlie Brown Jr.,44,20,2,18,0.2493333333333333,60,8,24,1204757.957447138,https://a.espncdn.com/combiner/i?img=/i/headshots/nba/players/full/4066508.png&w=350&h=254,9,14,12,1,27,10
58,Greg Brown III,48,81,19,62,0.476,225,24,20,1790863.0446214636,https://a.espncdn.com/combiner/i?img=/i/headshots/nba/players/full/4432161.png&w=350&h=254,25,32,31,18,63,27
59,Jaylen Brown,66,576,166,410,0.541,1559,18,25,24703690.46663069,https://a.espncdn.com/combiner/i?img=/i/headshots/nba/players/full/3917376.png&w=350&h=254,94,89,92,59,51,93
60,Moses Brown,80,128,0,128,0.5903333333333333,342,32,22,2548791.425796102,https://a.espncdn.com/combiner/i?img=/i/headshots/nba/players/full/4397126.png&w=350&h=254,37,7,52,85,72,37
61,Sterling Brown,49,59,28,31,0.471,160,7,26,2688215.72083909,https://a.espncdn.com/combiner/i?img=/i/headshots/nba/players/full/3057187.png&w=350&h=254,20,37,17,17,24,20
62,Troy Brown Jr.,66,108,47,61,0.51,283,5,22,1982661.3451328576,https://a.espncdn.com/combiner/i?img=/i/headshots/nba/players/full/4278508.png&w=350&h=254,32,49,30,38,18,31
63,Jalen Brunson,79,506,94,412,0.549,1285,3,25,19036042.47570457,https://a.espncdn.com/combiner/i?img=/i/headshots/nba/players/full/3934672.png&w=350&h=254,90,70,93,64,14,87
64,Thomas Bryant,27,77,12,65,0.561,201,21,24,2735058.245146818,https://a.espncdn.com/combiner/i?img=/i/headshots/nba/players/full/3934723.png&w=350&h=254,24,25,31,71,56,24
65,Reggie Bullock,68,201,141,60,0.542,583,14,30,7311961.092032924,https://a.espncdn.com/combiner/i?img=/i/headshots/nba/players/full/2528779.png&w=350&h=254,51,83,29,61,41,54
66,Trey Burke,42,84,26,58,0.451,214,0,29,3260317.732778821,https://a.espncdn.com/combiner/i?img=/i/headshots/nba/players/full/2579260.png&w=350&h=254,26,35,28,11,5,26
67,Alec Burks,81,285,157,128,0.499,944,26,30,8364424.171838088,https://a.espncdn.com/combiner/i?img=/i/headshots/nba/players/full/6429.png&w=350&h=254,70,87,52,29,66,77
68,Jared Butler,42,61,28,33,0.497,161,8,21,1892905.790256526,https://a.espncdn.com/combiner/i?img=/i/headshots/nba/players/full/4395695.png&w=350&h=254,21,37,18,28,27,20
69,Jimmy Butler,57,398,27,371,0.496,1219,27,32,32512963.52172591,https://a.espncdn.com/combiner/i?img=/i/headshots/nba/players/full/6430.png&w=350&h=254,80,36,89,28,66,85
70,Kentavious Caldwell-Pope,77,361,159,202,0.531,1018,26,28,13295883.628975604,https://a.espncdn.com/combiner/i?img=/i/headshots/nba/players/full/2581018.png&w=350&h=254,78,87,70,51,66,79
71,Facundo Campazzo,65,107,58,49,0.459,332,23,30,3303248.4940589285,https://a.espncdn.com/combiner/i?img=/i/headshots/nba/players/full/2968334.png&w=350&h=254,31,56,25,13,61,35
72,Vlatko Čančar,15,23,7,16,0.646,62,3,24,2023372.88548476,https://a.espncdn.com/combiner/i?img=/i/headshots/nba/players/full/4230557.png&w=350&h=254,9,20,11,94,14,10
73,Devin Cannady,5,15,15,0,0.511,50,3,25,1576388.6430315042,https://a.espncdn.com/combiner/i?img=/i/headshots/nba/players/full/3906977.png&w=350&h=254,7,29,1,38,14,8
74,Clint Capela,74,370,0,370,0.613,820,93,27,16288524.296549471,https://a.espncdn.com/combiner/i?img=/i/headshots/nba/players/full/3102529.png&w=350&h=254,79,7,89,90,96,71
75,Vernon Carey Jr.,14,14,0,14,0.5363333333333333,40,2,20,1931394.6994887013,https://a.espncdn.com/combiner/i?img=/i/headshots/nba/players/full/4431669.png&w=350&h=254,6,7,10,55,11,6
76,Jevon Carter,132,196,132,64,0.5433333333333333,554,28,26,4317018.522246083,https://a.espncdn.com/combiner/i?img=/i/headshots/nba/players/full/3133635.png&w=350&h=254,50,81,31,61,67,52
77,Wendell Carter Jr.,62,359,70,289,0.576,931,43,22,13393361.086692512,https://a.espncdn.com/combiner/i?img=/i/headshots/nba/players/full/4277847.png&w=350&h=254,77,61,82,80,81,77
78,Alex Caruso,41,102,42,60,0.48,304,15,27,3145647.311785772,https://a.espncdn.com/combiner/i?img=/i/headshots/nba/players/full/2991350.png&w=350&h=254,31,46,29,20,44,33
79,Willie Cauley-Stein,40,32,2,30,0.471,68,6,28,167307.76363939446,https://a.espncdn.com/combiner/i?img=/i/headshots/nba/players/full/2991282.png&w=350&h=254,12,14,17,17,21,11
80,Justin Champagnie,36,31,10,21,0.537,81,4,20,175323.9707513696,https://a.espncdn.com/combiner/i?img=/i/headshots/nba/players/full/4432907.png&w=350&h=254,12,24,13,56,16,12
81,Marquese Chriss,34,62,8,54,0.493,154,12,24,2240256.7998691457,https://a.espncdn.com/combiner/i?img=/i/headshots/nba/players/full/3907487.png&w=350&h=254,22,21,27,27,37,20
82,Josh Christopher,74,224,56,168,0.504,587,13,20,2731037.060765515,https://a.espncdn.com/combiner/i?img=/i/headshots/nba/players/full/4432168.png&w=350&h=254,57,54,61,35,38,55
83,Brandon Clarke,64,288,5,283,0.65,666,68,25,5133185.528002723,https://a.espncdn.com/combiner/i?img=/i/headshots/nba/players/full/3906665.png&w=350&h=254,70,17,81,95,92,62
84,Jordan Clarkson,79,466,190,276,0.504,1266,16,29,11003062.11443197,https://a.espncdn.com/combiner/i?img=/i/headshots/nba/players/full/2528426.png&w=350&h=254,87,92,80,35,46,87
85,Nic Claxton,47,178,0,178,0.674,410,51,22,6393999.814169888,https://a.espncdn.com/combiner/i?img=/i/headshots/nba/players/full/4278067.png&w=350&h=254,47,7,65,96,85,41
86,Amir Coffey,69,211,96,115,0.556,619,15,24,3988389.863377071,https://a.espncdn.com/combiner/i?img=/i/headshots/nba/players/full/4066387.png&w=350&h=254,55,71,49,69,44,57
87,John Collins,54,339,64,275,0.576,876,56,24,21316872.861062758,https://a.espncdn.com/combiner/i?img=/i/headshots/nba/players/full/3908845.png&w=350&h=254,75,59,80,80,88,74
88,Zach Collins,28,76,14,62,0.535,218,23,24,5260389.200172884,https://a.espncdn.com/combiner/i?img=/i/headshots/nba/players/full/4066650.png&w=350&h=254,24,27,31,54,61,26
89,Mike Conley,72,344,169,175,0.542,986,21,34,20697281.39104401,https://a.espncdn.com/combiner/i?img=/i/headshots/nba/players/full/3195.png&w=350&h=254,76,89,64,61,56,78
90,Pat Connaughton,65,227,146,81,0.605,645,15,29,8466923.077236183,https://a.espncdn.com/combiner/i?img=/i/headshots/nba/players/full/2578239.png&w=350&h=254,58,84,36,90,44,60
91,Robert Covington,142,418,256,162,0.566,1208,182,31,10073010.0835289,https://a.espncdn.com/combiner/i?img=/i/headshots/nba/players/full/2490620.png&w=350&h=254,82,98,60,74,100,84
92,Torrey Craig,156,400,154,246,0.5416666666666666,1032,72,31,5661775.720208676,https://a.espncdn.com/combiner/i?img=/i/headshots/nba/players/full/2528693.png&w=350&h=254,81,85,77,59,93,80
93,Jae Crowder,67,217,127,90,0.516,632,30,31,9630525.386889558,https://a.espncdn.com/combiner/i?img=/i/headshots/nba/players/full/6581.png&w=350&h=254,56,79,40,40,70,59
94,Jarrett Culver,37,51,12,39,0.422,130,5,22,4392281.114287984,https://a.espncdn.com/combiner/i?img=/i/headshots/nba/players/full/4277928.png&w=350&h=254,17,25,20,6,18,17
95,Cade Cunningham,64,429,114,315,0.471,1114,43,20,9870782.420586413,https://a.espncdn.com/combiner/i?img=/i/headshots/nba/players/full/4432166.png&w=350&h=254,83,76,85,17,81,82
96,Seth Curry,128,720,316,404,0.6013333333333333,1920,28,31,11191856.221166102,https://a.espncdn.com/combiner/i?img=/i/headshots/nba/players/full/2326307.png&w=350&h=254,98,99,92,88,67,96
97,Stephen Curry,64,535,285,250,0.554,1630,23,33,34934286.097010635,https://a.espncdn.com/combiner/i?img=/i/headshots/nba/players/full/3975.png&w=350&h=254,92,98,78,68,61,94
98,Anthony Davis,40,370,13,357,0.542,927,90,28,35135741.868845545,https://a.espncdn.com/combiner/i?img=/i/headshots/nba/players/full/6583.png&w=350&h=254,79,26,88,61,96,76
99,Terence Davis,30,113,49,64,0.515,311,11,24,4042264.8554888754,https://a.espncdn.com/combiner/i?img=/i/headshots/nba/players/full/3919454.png&w=350&h=254,33,50,31,39,33,33
100,Gabriel Deck,7,8,2,6,0.643,18,0,26,1806666.7531854496,https://a.espncdn.com/combiner/i?img=/i/headshots/nba/players/full/3929321.png&w=350&h=254,4,14,7,94,5,4
101,Dewayne Dedmon,67,164,19,145,0.598,422,42,32,1086033.401571614,https://a.espncdn.com/combiner/i?img=/i/headshots/nba/players/full/2580913.png&w=350&h=254,43,32,58,88,80,42
102,DeMar DeRozan,76,774,50,724,0.521,2118,24,32,23520405.705535773,https://a.espncdn.com/combiner/i?img=/i/headshots/nba/players/full/3978.png&w=350&h=254,98,50,99,43,63,98
103,Mamadi Diakite,13,25,0,25,0.532,56,9,25,1563480.4993690294,https://a.espncdn.com/combiner/i?img=/i/headshots/nba/players/full/3947156.png&w=350&h=254,11,7,14,52,29,9
104,Hamidou Diallo,58,261,23,238,0.518,636,17,23,6190913.360569232,https://a.espncdn.com/combiner/i?img=/i/headshots/nba/players/full/4080610.png&w=350&h=254,64,35,76,42,48,59
105,Gorgui Dieng,44,53,29,24,0.603,154,13,32,1129924.988885987,https://a.espncdn.com/combiner/i?img=/i/headshots/nba/players/full/2534781.png&w=350&h=254,18,38,14,89,38,20
106,Spencer Dinwiddie,134,612,224,388,0.508,1838,26,28,16162718.354490403,https://a.espncdn.com/combiner/i?img=/i/headshots/nba/players/full/2580782.png&w=350&h=254,95,95,90,37,66,96
107,Donte DiVincenzo,84,236,148,88,0.4546666666666666,760,16,25,5815910.092853884,https://a.espncdn.com/combiner/i?img=/i/headshots/nba/players/full/3934673.png&w=350&h=254,59,85,40,12,46,68
108,Luka Dončić,65,641,201,440,0.529,1847,36,22,28809359.229655728,https://a.espncdn.com/combiner/i?img=/i/headshots/nba/players/full/3945274.png&w=350&h=254,96,93,94,50,75,96
109,Luguentz Dort,51,293,130,163,0.493,877,18,22,13501735.732076624,https://a.espncdn.com/combiner/i?img=/i/headshots/nba/players/full/4397020.png&w=350&h=254,71,79,60,27,51,74
110,Ayo Dosunmu,77,278,70,208,0.585,679,29,22,2499601.3269038144,https://a.espncdn.com/combiner/i?img=/i/headshots/nba/players/full/4397002.png&w=350&h=254,67,61,71,83,69,63
111,Sekou Doumbouya,2,5,1,4,0.688,14,2,21,2833308.6975187534,https://a.espncdn.com/combiner/i?img=/i/headshots/nba/players/full/4423314.png&w=350&h=254,3,11,5,97,11,3
112,PJ Dozier,18,36,15,21,0.439,97,6,25,843465.572032452,https://a.espncdn.com/combiner/i?img=/i/headshots/nba/players/full/3923250.png&w=350&h=254,13,29,13,9,21,14
113,Goran Dragić,42,114,32,82,0.4326666666666667,314,8,35,3179694.060487179,https://a.espncdn.com/combiner/i?img=/i/headshots/nba/players/full/3423.png&w=350&h=254,33,40,36,7,27,34
114,Andre Drummond,146,494,0,494,0.5726666666666667,1160,136,28,4536565.462453081,https://a.espncdn.com/combiner/i?img=/i/headshots/nba/players/full/6585.png&w=350&h=254,89,7,97,76,99,83
115,Chris Duarte,55,268,94,174,0.507,720,10,24,6700934.538853147,https://a.espncdn.com/combiner/i?img=/i/headshots/nba/players/full/4592402.png&w=350&h=254,66,70,63,37,31,66
116,David Duke Jr.,22,39,9,30,0.403,104,7,22,181369.7153449519,https://a.espncdn.com/combiner/i?img=/i/headshots/nba/players/full/4397107.png&w=350&h=254,14,22,17,5,24,14
117,Kris Dunn,14,44,1,43,0.436,106,3,27,1003961.9877674738,https://a.espncdn.com/combiner/i?img=/i/headshots/nba/players/full/2991139.png&w=350&h=254,16,11,23,8,14,15
118,Kevin Durant,55,578,115,463,0.57,1643,52,33,32877652.36182352,https://a.espncdn.com/combiner/i?img=/i/headshots/nba/players/full/3202.png&w=350&h=254,94,76,95,76,87,94
119,Anthony Edwards,72,549,215,334,0.527,1533,46,20,10500120.480225448,https://a.espncdn.com/combiner/i?img=/i/headshots/nba/players/full/4594268.png&w=350&h=254,93,95,86,48,83,92
120,Kessler Edwards,48,110,48,62,0.502,284,24,21,1958789.2649364325,https://a.espncdn.com/combiner/i?img=/i/headshots/nba/players/full/4397693.png&w=350&h=254,33,49,31,33,63,31
121,Joel Embiid,68,666,93,573,0.534,2079,99,27,33875466.84441096,https://a.espncdn.com/combiner/i?img=/i/headshots/nba/players/full/3059318.png&w=350&h=254,96,70,98,54,97,98
122,Drew Eubanks,142,442,10,432,0.5963333333333334,1092,80,24,3733392.111793541,https://a.espncdn.com/combiner/i?img=/i/headshots/nba/players/full/3914285.png&w=350&h=254,85,24,93,87,94,82
123,Derrick Favors,39,94,2,92,0.522,206,12,30,6927454.132878968,https://a.espncdn.com/combiner/i?img=/i/headshots/nba/players/full/4257.png&w=350&h=254,29,14,42,44,37,25
124,Bruno Fernando,60,72,2,70,0.6356666666666667,176,22,23,1440819.982545821,https://a.espncdn.com/combiner/i?img=/i/headshots/nba/players/full/4277952.png&w=350&h=254,24,14,33,92,59,22
125,Dorian Finney-Smith,80,326,172,154,0.595,880,39,28,11990751.513770085,https://a.espncdn.com/combiner/i?img=/i/headshots/nba/players/full/2578185.png&w=350&h=254,74,90,59,87,77,74
126,Malik Fitts,30,16,10,6,0.5453333333333333,42,0,24,1687116.3421485706,https://a.espncdn.com/combiner/i?img=/i/headshots/nba/players/full/4066467.png&w=350&h=254,8,24,7,62,5,7
127,Malachi Flynn,44,72,30,42,0.475,189,4,23,2327487.847213868,https://a.espncdn.com/combiner/i?img=/i/headshots/nba/players/full/4066668.png&w=350&h=254,24,39,22,17,16,23
128,Bryn Forbes,150,462,244,218,0.542,1326,10,28,4008286.764348624,https://a.espncdn.com/combiner/i?img=/i/headshots/nba/players/full/2994526.png&w=350&h=254,87,98,73,61,31,89
129,Evan Fournier,80,402,241,161,0.541,1125,20,29,15509712.282948917,https://a.espncdn.com/combiner/i?img=/i/headshots/nba/players/full/6588.png&w=350&h=254,81,97,60,59,55,82
130,De'Aaron Fox,59,516,74,442,0.506,1367,25,24,25949502.637923416,https://a.espncdn.com/combiner/i?img=/i/headshots/nba/players/full/4066259.png&w=350&h=254,91,63,94,36,64,90
131,Enes Freedom,35,51,2,49,0.536,128,14,29,1418966.8139992245,https://a.espncdn.com/combiner/i?img=/i/headshots/nba/players/full/6447.png&w=350&h=254,17,14,25,55,41,16
132,Markelle Fultz,18,83,4,79,0.486,195,5,23,11836474.998214934,https://a.espncdn.com/combiner/i?img=/i/headshots/nba/players/full/4066636.png&w=350&h=254,26,16,36,24,18,23
133,Wenyen Gabriel,52,108,16,92,0.5083333333333334,282,22,24,1966300.2075058252,https://a.espncdn.com/combiner/i?img=/i/headshots/nba/players/full/4066264.png&w=350&h=254,32,30,42,38,59,31
134,Daniel Gafford,72,285,0,285,0.693,677,99,23,10720177.38229929,https://a.espncdn.com/combiner/i?img=/i/headshots/nba/players/full/4278049.png&w=350&h=254,70,7,82,98,97,63
135,Danilo Gallinari,66,259,112,147,0.528,771,12,33,10163233.51095612,https://a.espncdn.com/combiner/i?img=/i/headshots/nba/players/full/3428.png&w=350&h=254,64,75,59,49,37,69
136,Darius Garland,68,542,174,368,0.536,1473,7,22,10723494.899458962,https://a.espncdn.com/combiner/i?img=/i/headshots/nba/players/full/4396907.png&w=350&h=254,92,90,89,55,24,92
137,Usman Garuba,24,19,5,14,0.489,48,11,19,2211391.802489647,https://a.espncdn.com/combiner/i?img=/i/headshots/nba/players/full/4871143.png&w=350&h=254,8,17,10,25,33,8
138,Luka Garza,32,66,16,50,0.503,186,6,23,1450203.129573535,https://a.espncdn.com/combiner/i?img=/i/headshots/nba/players/full/4277951.png&w=350&h=254,22,30,25,34,21,22
139,Rudy Gay,55,157,70,87,0.507,446,19,35,5356423.591755089,https://a.espncdn.com/combiner/i?img=/i/headshots/nba/players/full/3005.png&w=350&h=254,42,61,38,37,53,44
140,Paul George,31,268,91,177,0.493,754,13,31,35566844.97211882,https://a.espncdn.com/combiner/i?img=/i/headshots/nba/players/full/4251.png&w=350&h=254,66,70,65,27,38,68
141,Taj Gibson,52,86,15,71,0.563,229,40,36,3117139.210631048,https://a.espncdn.com/combiner/i?img=/i/headshots/nba/players/full/3986.png&w=350&h=254,27,29,33,72,78,27
142,Josh Giddey,54,281,56,225,0.461,674,20,19,9579359.21173601,https://a.espncdn.com/combiner/i?img=/i/headshots/nba/players/full/4871145.png&w=350&h=254,68,54,75,14,55,62
143,Shai Gilgeous-Alexander,56,477,89,388,0.496,1371,46,23,28756073.258956872,https://a.espncdn.com/combiner/i?img=/i/headshots/nba/players/full/4278073.png&w=350&h=254,88,69,90,28,83,90
144,Anthony Gill,44,62,14,48,0.633,180,11,29,1652495.253370328,https://a.espncdn.com/combiner/i?img=/i/headshots/nba/players/full/2581184.png&w=350&h=254,22,27,24,92,33,22
145,Rudy Gobert,66,362,0,362,0.713,1027,137,29,30868856.90281113,https://a.espncdn.com/combiner/i?img=/i/headshots/nba/players/full/3032976.png&w=350&h=254,78,7,88,98,99,80
146,Jordan Goodwin,2,0,0,0,0.0,0,0,23,630543.5219859387,https://a.espncdn.com/combiner/i?img=/i/headshots/nba/players/full/4278402.png&w=350&h=254,0,7,1,0,5,0
147,Aaron Gordon,75,434,87,347,0.573,1126,44,26,17188456.09809385,https://a.espncdn.com/combiner/i?img=/i/headshots/nba/players/full/3064290.png&w=350&h=254,84,68,87,77,82,82
148,Eric Gordon,57,268,124,144,0.585,765,18,33,19802112.75482871,https://a.espncdn.com/combiner/i?img=/i/headshots/nba/players/full/3431.png&w=350&h=254,66,78,57,83,51,68
149,Devonte' Graham,76,296,192,104,0.481,902,12,26,8996756.856821716,https://a.espncdn.com/combiner/i?img=/i/headshots/nba/players/full/3133601.png&w=350&h=254,71,93,45,21,37,75
150,Jerami Grant,47,298,91,207,0.491,904,49,27,21481375.68007946,https://a.espncdn.com/combiner/i?img=/i/headshots/nba/players/full/2991070.png&w=350&h=254,72,70,71,26,84,75
151,Danny Green,62,126,103,23,0.555,366,37,34,2762611.2855534023,https://a.espncdn.com/combiner/i?img=/i/headshots/nba/players/full/3988.png&w=350&h=254,36,73,14,69,76,40
152,Draymond Green,46,135,16,119,0.556,346,50,31,14465940.843541965,https://a.espncdn.com/combiner/i?img=/i/headshots/nba/players/full/6589.png&w=350&h=254,39,30,50,69,85,38
153,Jalen Green,67,406,157,249,0.508,1157,18,19,8738956.635431731,https://a.espncdn.com/combiner/i?img=/i/headshots/nba/players/full/4437244.png&w=350&h=254,81,87,78,37,51,83
154,JaMychal Green,67,159,33,126,0.537,432,26,31,2478546.757410076,https://a.espncdn.com/combiner/i?img=/i/headshots/nba/players/full/2327577.png&w=350&h=254,42,40,52,56,66,43
155,Javonte Green,65,176,36,140,0.597,468,32,28,3848458.409222829,https://a.espncdn.com/combiner/i?img=/i/headshots/nba/players/full/2596112.png&w=350&h=254,46,42,56,88,72,46
156,Jeff Green,75,277,53,224,0.574,772,27,35,7288355.359293927,https://a.espncdn.com/combiner/i?img=/i/headshots/nba/players/full/3209.png&w=350&h=254,67,52,74,78,66,69
157,Josh Green,67,130,28,102,0.563,319,14,21,2024856.5236097032,https://a.espncdn.com/combiner/i?img=/i/headshots/nba/players/full/4432811.png&w=350&h=254,37,37,45,72,41,34
158,Blake Griffin,56,133,38,95,0.486,359,14,32,2315847.294685548,https://a.espncdn.com/combiner/i?img=/i/headshots/nba/players/full/3989.png&w=350&h=254,38,43,43,24,41,38
159,Quentin Grimes,46,95,72,23,0.557,275,11,21,2065626.412946799,https://a.espncdn.com/combiner/i?img=/i/headshots/nba/players/full/4397014.png&w=350&h=254,29,62,14,70,33,31
160,Rui Hachimura,42,187,55,132,0.563,475,9,23,5627477.198609243,https://a.espncdn.com/combiner/i?img=/i/headshots/nba/players/full/4066648.png&w=350&h=254,48,53,54,72,29,46
161,Tyrese Haliburton,154,860,322,538,0.566,2362,98,21,7471759.328051877,https://a.espncdn.com/combiner/i?img=/i/headshots/nba/players/full/4396993.png&w=350&h=254,99,99,98,74,96,99
162,R.J. Hampton,64,175,64,111,0.453,489,13,20,1031825.6958691188,https://a.espncdn.com/combiner/i?img=/i/headshots/nba/players/full/4590530.png&w=350&h=254,45,59,48,11,38,47
163,Tim Hardaway Jr.,42,209,102,107,0.491,598,6,29,15147219.097062776,https://a.espncdn.com/combiner/i?img=/i/headshots/nba/players/full/2528210.png&w=350&h=254,54,73,47,26,21,56
164,James Harden,130,814,296,518,0.4846666666666666,2864,72,32,11421094.99366509,https://a.espncdn.com/combiner/i?img=/i/headshots/nba/players/full/3992.png&w=350&h=254,99,98,97,23,93,100
165,Maurice Harkless,47,83,31,52,0.544,217,24,28,3801385.942245895,https://a.espncdn.com/combiner/i?img=/i/headshots/nba/players/full/6591.png&w=350&h=254,26,39,27,62,63,26
166,Montrezl Harrell,142,716,8,708,0.648,1864,86,28,4432402.8288024105,https://a.espncdn.com/combiner/i?img=/i/headshots/nba/players/full/2991055.png&w=350&h=254,98,21,99,95,95,96
167,Gary Harris,61,240,116,124,0.539,679,9,27,10635636.993567877,https://a.espncdn.com/combiner/i?img=/i/headshots/nba/players/full/2999547.png&w=350&h=254,60,77,51,57,29,63
168,Joe Harris,14,56,41,15,0.617,158,2,30,11304626.801657869,https://a.espncdn.com/combiner/i?img=/i/headshots/nba/players/full/2528794.png&w=350&h=254,19,45,10,91,11,20
169,Tobias Harris,73,493,101,392,0.532,1257,43,29,28214234.769248087,https://a.espncdn.com/combiner/i?img=/i/headshots/nba/players/full/6440.png&w=350&h=254,89,73,91,52,81,86
170,Shaquille Harrison,2,2,0,2,0.333,4,1,28,1037838.9010684582,https://a.espncdn.com/combiner/i?img=/i/headshots/nba/players/full/2991274.png&w=350&h=254,2,7,3,3,8,1
171,Josh Hart,108,574,146,428,0.572,1614,26,26,14775392.6684064,https://a.espncdn.com/combiner/i?img=/i/headshots/nba/players/full/3062679.png&w=350&h=254,94,84,93,76,66,94
172,Isaiah Hartenstein,68,229,14,215,0.645,563,77,23,5834423.437705711,https://a.espncdn.com/combiner/i?img=/i/headshots/nba/players/full/4222252.png&w=350&h=254,58,27,72,94,94,53
173,Udonis Haslem,13,14,1,13,0.468,32,1,41,1786134.7085762925,https://a.espncdn.com/combiner/i?img=/i/headshots/nba/players/full/2184.png&w=350&h=254,6,11,9,15,8,5
174,Sam Hauser,26,23,19,4,0.65,65,2,24,1539507.5827139292,https://a.espncdn.com/combiner/i?img=/i/headshots/nba/players/full/4065804.png&w=350&h=254,9,32,5,95,11,10
175,Jaxson Hayes,70,245,20,225,0.641,654,55,21,4552189.513137007,https://a.espncdn.com/combiner/i?img=/i/headshots/nba/players/full/4397077.png&w=350&h=254,60,33,75,94,88,62
176,Killian Hayes,66,176,44,132,0.431,453,35,20,4530783.193744787,https://a.espncdn.com/combiner/i?img=/i/headshots/nba/players/full/4683024.png&w=350&h=254,46,47,54,7,74,44
177,Gordon Hayward,49,283,86,197,0.528,778,22,31,25887643.054318137,https://a.espncdn.com/combiner/i?img=/i/headshots/nba/players/full/4249.png&w=350&h=254,69,68,69,49,59,69
178,Juancho Hernangómez,80,88,48,40,0.43825,262,20,26,2399757.9104966093,https://a.espncdn.com/combiner/i?img=/i/headshots/nba/players/full/4017839.png&w=350&h=254,28,49,21,9,55,29
179,Willy Hernangómez,50,170,4,166,0.526,453,19,27,2958487.2853628853,https://a.espncdn.com/combiner/i?img=/i/headshots/nba/players/full/2999409.png&w=350&h=254,44,16,61,48,53,44
180,Tyler Herro,66,501,175,326,0.525,1367,8,22,6883754.013230624,https://a.espncdn.com/combiner/i?img=/i/headshots/nba/players/full/4395725.png&w=350&h=254,89,90,86,46,27,90
181,Buddy Hield,162,892,524,368,0.5286666666666667,2530,50,29,17667710.798938412,https://a.espncdn.com/combiner/i?img=/i/headshots/nba/players/full/2990984.png&w=350&h=254,99,100,89,49,85,99
182,Haywood Highsmith,19,16,9,7,0.446,43,3,25,1605132.2710527284,https://a.espncdn.com/combiner/i?img=/i/headshots/nba/players/full/4291678.png&w=350&h=254,8,22,7,10,14,7
183,George Hill,54,118,41,77,0.504,334,6,35,3527785.1314767995,https://a.espncdn.com/combiner/i?img=/i/headshots/nba/players/full/3438.png&w=350&h=254,35,45,35,35,21,35
184,Solomon Hill,13,3,2,1,0.2,8,2,30,865814.8476235606,https://a.espncdn.com/combiner/i?img=/i/headshots/nba/players/full/2488958.png&w=350&h=254,2,14,2,1,11,2
185,Aaron Holiday,126,302,78,224,0.5003333333333333,800,18,25,2730329.2395860897,https://a.espncdn.com/combiner/i?img=/i/headshots/nba/players/full/3922230.png&w=350&h=254,72,64,74,31,51,70
186,Jrue Holiday,67,478,132,346,0.57,1225,29,31,27056990.16397511,https://a.espncdn.com/combiner/i?img=/i/headshots/nba/players/full/3995.png&w=350&h=254,88,81,87,76,69,85
187,Justin Holiday,148,522,354,168,0.5173333333333333,1498,66,32,1818187.259661244,https://a.espncdn.com/combiner/i?img=/i/headshots/nba/players/full/2284101.png&w=350&h=254,91,99,61,42,91,92
188,Richaun Holmes,45,198,2,196,0.663,468,41,28,10923407.861091867,https://a.espncdn.com/combiner/i?img=/i/headshots/nba/players/full/2993370.png&w=350&h=254,51,14,68,95,79,46
189,Al Horford,69,266,89,177,0.546,701,92,35,18693370.520777863,https://a.espncdn.com/combiner/i?img=/i/headshots/nba/players/full/3213.png&w=350&h=254,65,69,65,63,96,65
190,Talen Horton-Tucker,60,224,49,175,0.462,597,29,21,7507941.239611755,https://a.espncdn.com/combiner/i?img=/i/headshots/nba/players/full/4396991.png&w=350&h=254,57,50,64,14,69,56
191,Danuel House Jr.,84,160,88,72,0.37625,496,34,28,5252804.029007958,https://a.espncdn.com/combiner/i?img=/i/headshots/nba/players/full/2991155.png&w=350&h=254,43,69,34,4,74,48
192,Kevin Huerter,74,345,160,185,0.559,892,26,23,12590527.694269884,https://a.espncdn.com/combiner/i?img=/i/headshots/nba/players/full/4066372.png&w=350&h=254,76,88,67,71,66,74
193,De'Andre Hunter,53,254,74,180,0.506,709,21,24,11938819.490892235,https://a.espncdn.com/combiner/i?img=/i/headshots/nba/players/full/4065732.png&w=350&h=254,63,63,66,36,56,66
194,Chandler Hutchison,6,1,0,1,0.5,4,0,25,911465.3019990115,https://a.espncdn.com/combiner/i?img=/i/headshots/nba/players/full/3149010.png&w=350&h=254,1,7,2,31,5,1
195,Bones Hyland,69,230,131,99,0.518,698,20,21,3224450.349055663,https://a.espncdn.com/combiner/i?img=/i/headshots/nba/players/full/4592492.png&w=350&h=254,58,80,45,42,55,65
196,Andre Iguodala,31,46,17,29,0.45,124,22,38,2777496.928601672,https://a.espncdn.com/combiner/i?img=/i/headshots/nba/players/full/2386.png&w=350&h=254,16,31,16,11,59,16
197,Joe Ingles,45,115,78,37,0.54,325,5,34,4672878.744034479,https://a.espncdn.com/combiner/i?img=/i/headshots/nba/players/full/2968436.png&w=350&h=254,34,64,19,58,18,35
198,Brandon Ingram,55,453,74,379,0.498,1246,26,24,24871656.8312368,https://a.espncdn.com/combiner/i?img=/i/headshots/nba/players/full/3913176.png&w=350&h=254,86,63,89,28,66,85
199,Kyrie Irving,29,289,100,189,0.55,796,17,29,34240644.241029404,https://a.espncdn.com/combiner/i?img=/i/headshots/nba/players/full/6442.png&w=350&h=254,70,72,68,65,48,70
200,Wes Iwundu,3,8,3,5,0.528,22,0,27,1679883.4690475676,https://a.espncdn.com/combiner/i?img=/i/headshots/nba/players/full/3074797.png&w=350&h=254,4,15,5,49,5,4
201,Isaiah Jackson,36,116,5,111,0.575,297,52,20,2742506.023615206,https://a.espncdn.com/combiner/i?img=/i/headshots/nba/players/full/4432170.png&w=350&h=254,34,17,48,79,87,32
202,Jaren Jackson Jr.,78,430,128,302,0.477,1272,177,22,18690480.186347943,https://a.espncdn.com/combiner/i?img=/i/headshots/nba/players/full/4277961.png&w=350&h=254,83,79,84,19,99,87
203,Justin Jackson,14,10,6,4,0.299,30,0,26,1749456.5575020593,https://a.espncdn.com/combiner/i?img=/i/headshots/nba/players/full/3138156.png&w=350&h=254,5,19,5,1,5,5
204,Reggie Jackson,75,479,167,312,0.46,1263,15,31,3352799.197058115,https://a.espncdn.com/combiner/i?img=/i/headshots/nba/players/full/6443.png&w=350&h=254,88,89,85,14,44,86
205,LeBron James,56,640,161,479,0.59,1695,59,37,38912915.93226357,https://a.espncdn.com/combiner/i?img=/i/headshots/nba/players/full/1966.png&w=350&h=254,95,88,96,85,89,94
206,DaQuan Jeffries,3,1,0,1,0.5,2,0,24,579527.0382514489,https://a.espncdn.com/combiner/i?img=/i/headshots/nba/players/full/3913220.png&w=350&h=254,1,7,2,31,5,0
207,Ty Jerome,48,124,54,70,0.46,340,5,24,3666228.7680434776,https://a.espncdn.com/combiner/i?img=/i/headshots/nba/players/full/4065733.png&w=350&h=254,36,53,33,14,18,36
208,Isaiah Joe,55,62,45,17,0.477,198,3,22,2449988.5411308766,https://a.espncdn.com/combiner/i?img=/i/headshots/nba/players/full/4395702.png&w=350&h=254,22,48,11,19,14,24
209,Alize Johnson,46,34,0,34,0.39775,82,0,25,1126029.687402496,https://a.espncdn.com/combiner/i?img=/i/headshots/nba/players/full/4067045.png&w=350&h=254,13,7,18,4,5,12
210,Cameron Johnson,66,279,166,113,0.596,822,16,25,9906044.340363942,https://a.espncdn.com/combiner/i?img=/i/headshots/nba/players/full/3138196.png&w=350&h=254,68,89,49,87,46,71
211,Jalen Johnson,22,22,3,19,0.573,52,2,20,2508267.399700659,https://a.espncdn.com/combiner/i?img=/i/headshots/nba/players/full/4701230.png&w=350&h=254,9,15,12,77,11,8
212,James Johnson,62,144,23,121,0.507,340,34,34,1420683.56195854,https://a.espncdn.com/combiner/i?img=/i/headshots/nba/players/full/3999.png&w=350&h=254,40,35,50,37,74,36
213,Keldon Johnson,75,471,159,312,0.545,1278,14,22,11869265.587557731,https://a.espncdn.com/combiner/i?img=/i/headshots/nba/players/full/4395723.png&w=350&h=254,87,87,85,62,41,87
214,Keon Johnson,74,192,68,124,0.4019999999999999,534,24,19,3124012.834246639,https://a.espncdn.com/combiner/i?img=/i/headshots/nba/players/full/4432192.png&w=350&h=254,49,60,51,5,63,51
215,Stanley Johnson,48,117,33,84,0.532,320,14,25,1564321.9945051407,https://a.espncdn.com/combiner/i?img=/i/headshots/nba/players/full/3134881.png&w=350&h=254,34,40,37,52,41,34
216,Nikola Jokić,74,764,97,667,0.62,2004,63,26,31882757.895438828,https://a.espncdn.com/combiner/i?img=/i/headshots/nba/players/full/3112335.png&w=350&h=254,98,71,99,92,90,97
217,Carlik Jones,10,2,0,2,0.2036666666666666,8,0,24,631512.3253490011,https://a.espncdn.com/combiner/i?img=/i/headshots/nba/players/full/4067735.png&w=350&h=254,2,7,3,1,5,2
218,Damian Jones,56,175,10,165,0.677,454,47,26,2661571.1399817127,https://a.espncdn.com/combiner/i?img=/i/headshots/nba/players/full/3064559.png&w=350&h=254,45,24,61,96,83,45
219,Derrick Jones Jr.,51,105,20,85,0.59,286,33,24,2142242.1671920926,https://a.espncdn.com/combiner/i?img=/i/headshots/nba/players/full/3936099.png&w=350&h=254,31,33,38,85,73,31
220,Herbert Jones,78,274,57,217,0.525,742,60,23,7585556.8758056015,https://a.espncdn.com/combiner/i?img=/i/headshots/nba/players/full/4277813.png&w=350&h=254,66,55,72,46,90,67
221,Kai Jones,21,9,1,8,0.679,22,2,21,2324008.351677739,https://a.espncdn.com/combiner/i?img=/i/headshots/nba/players/full/4431699.png&w=350&h=254,5,11,7,97,11,4
222,Tre Jones,69,166,10,156,0.504,413,7,22,2022218.1011733408,https://a.espncdn.com/combiner/i?img=/i/headshots/nba/players/full/4395626.png&w=350&h=254,44,24,60,35,24,42
223,Tyus Jones,73,249,80,169,0.524,632,2,25,2443367.7357289665,https://a.espncdn.com/combiner/i?img=/i/headshots/nba/players/full/3135046.png&w=350&h=254,62,66,62,45,11,59
224,DeAndre Jordan,96,184,0,184,0.6366666666666667,412,70,33,3144810.954651722,https://a.espncdn.com/combiner/i?img=/i/headshots/nba/players/full/3442.png&w=350&h=254,48,7,66,93,92,42
225,Cory Joseph,65,178,65,113,0.526,521,17,30,5450315.155290871,https://a.espncdn.com/combiner/i?img=/i/headshots/nba/players/full/6446.png&w=350&h=254,47,59,49,48,48,50
226,Frank Kaminsky,9,36,5,31,0.583,95,7,28,1800453.014228295,https://a.espncdn.com/combiner/i?img=/i/headshots/nba/players/full/2579294.png&w=350&h=254,13,17,17,82,24,13
227,Luke Kennard,70,287,190,97,0.598,833,6,25,11140025.016378893,https://a.espncdn.com/combiner/i?img=/i/headshots/nba/players/full/3913174.png&w=350&h=254,70,92,44,88,21,72
228,Corey Kispert,77,234,112,122,0.564,634,22,22,3692155.1895638937,https://a.espncdn.com/combiner/i?img=/i/headshots/nba/players/full/4280151.png&w=350&h=254,59,75,51,73,59,59
229,Maxi Kleber,59,141,83,58,0.516,411,58,30,6405369.120295462,https://a.espncdn.com/combiner/i?img=/i/headshots/nba/players/full/2960236.png&w=350&h=254,39,68,28,40,89,41
230,Nathan Knight,37,45,4,41,0.534,138,8,24,1522982.8877560282,https://a.espncdn.com/combiner/i?img=/i/headshots/nba/players/full/4067325.png&w=350&h=254,16,16,22,54,27,18
231,Kevin Knox,60,62,30,32,0.4546666666666667,186,4,22,4499088.31640428,https://a.espncdn.com/combiner/i?img=/i/headshots/nba/players/full/4278075.png&w=350&h=254,22,39,18,12,16,22
232,John Konchar,72,135,52,83,0.615,349,22,25,2489019.9324040585,https://a.espncdn.com/combiner/i?img=/i/headshots/nba/players/full/3134932.png&w=350&h=254,39,51,37,90,59,38
233,Furkan Korkmaz,67,182,77,105,0.469,509,9,24,3524272.929005868,https://a.espncdn.com/combiner/i?img=/i/headshots/nba/players/full/3929325.png&w=350&h=254,47,64,46,16,29,49
234,Luke Kornet,30,26,0,26,0.313,60,6,26,1321373.4651826248,https://a.espncdn.com/combiner/i?img=/i/headshots/nba/players/full/3064560.png&w=350&h=254,11,7,15,2,21,10
235,Vit Krejci,30,68,32,36,0.503,187,8,21,2266197.462339828,https://a.espncdn.com/combiner/i?img=/i/headshots/nba/players/full/4578893.png&w=350&h=254,22,40,19,34,27,23
236,Jonathan Kuminga,70,236,50,186,0.567,652,22,19,5030631.079185487,https://a.espncdn.com/combiner/i?img=/i/headshots/nba/players/full/4433247.png&w=350&h=254,59,50,67,75,59,61
237,Kyle Kuzma,66,423,128,295,0.52,1130,57,26,13971348.690205416,https://a.espncdn.com/combiner/i?img=/i/headshots/nba/players/full/3134907.png&w=350&h=254,83,79,83,43,88,83
238,Anthony Lamb,2,0,0,0,0.0,0,0,24,274962.8384426909,https://a.espncdn.com/combiner/i?img=/i/headshots/nba/players/full/4066790.png&w=350&h=254,0,7,1,0,5,0
239,Jock Landale,54,101,29,72,0.566,265,14,26,1692125.6217339863,https://a.espncdn.com/combiner/i?img=/i/headshots/nba/players/full/3146557.png&w=350&h=254,31,38,34,74,41,30
240,Romeo Langford,96,166,58,108,0.5296666666666666,436,32,22,4710148.511175433,https://a.espncdn.com/combiner/i?img=/i/headshots/nba/players/full/4397008.png&w=350&h=254,44,56,48,50,72,43
241,Zach LaVine,67,565,185,380,0.554,1635,23,26,27889830.70821456,https://a.espncdn.com/combiner/i?img=/i/headshots/nba/players/full/3064440.png&w=350&h=254,93,92,90,68,61,94
242,Damion Lee,63,169,63,106,0.523,467,6,29,2388936.4758479977,https://a.espncdn.com/combiner/i?img=/i/headshots/nba/players/full/2595209.png&w=350&h=254,44,58,46,44,21,46
243,Saben Lee,37,69,14,55,0.429,208,12,22,1976556.7547834604,https://a.espncdn.com/combiner/i?img=/i/headshots/nba/players/full/4278124.png&w=350&h=254,23,27,27,7,37,25
244,Alex Len,39,94,6,88,0.551,235,25,28,3852550.536914896,https://a.espncdn.com/combiner/i?img=/i/headshots/nba/players/full/2596107.png&w=350&h=254,29,19,40,66,64,28
245,Caris LeVert,116,758,164,594,0.4896666666666666,1972,46,27,18903992.05369776,https://a.espncdn.com/combiner/i?img=/i/headshots/nba/players/full/2991043.png&w=350&h=254,98,88,98,26,83,97
246,Kira Lewis Jr.,24,59,13,46,0.449,141,1,20,4308020.886677409,https://a.espncdn.com/combiner/i?img=/i/headshots/nba/players/full/4395698.png&w=350&h=254,20,26,24,11,8,18
247,Damian Lillard,29,222,92,130,0.486,695,11,31,23876308.37536831,https://a.espncdn.com/combiner/i?img=/i/headshots/nba/players/full/6606.png&w=350&h=254,57,70,53,24,33,64
248,Nassir Little,42,145,51,94,0.541,410,36,21,3930747.543777783,https://a.espncdn.com/combiner/i?img=/i/headshots/nba/players/full/4395652.png&w=350&h=254,40,51,42,59,75,41
249,Isaiah Livers,19,41,27,14,0.606,121,7,23,1645519.845472263,https://a.espncdn.com/combiner/i?img=/i/headshots/nba/players/full/4277957.png&w=350&h=254,15,36,10,90,24,16
250,Kevon Looney,82,208,0,208,0.571,491,52,25,8796988.479819981,https://a.espncdn.com/combiner/i?img=/i/headshots/nba/players/full/3155535.png&w=350&h=254,54,7,71,76,87,48
251,Brook Lopez,13,61,19,42,0.538,161,15,33,11859990.508224756,https://a.espncdn.com/combiner/i?img=/i/headshots/nba/players/full/3448.png&w=350&h=254,21,32,22,56,44,20
252,Robin Lopez,36,110,2,108,0.558,254,18,33,2350596.98051955,https://a.espncdn.com/combiner/i?img=/i/headshots/nba/players/full/3447.png&w=350&h=254,33,14,48,70,51,29
253,Didi Louzada,18,24,18,6,0.35,70,4,22,1740176.3269025015,https://a.espncdn.com/combiner/i?img=/i/headshots/nba/players/full/4423885.png&w=350&h=254,10,31,7,3,16,11
254,Kevin Love,74,327,187,140,0.553,1007,18,33,10037057.946902458,https://a.espncdn.com/combiner/i?img=/i/headshots/nba/players/full/3449.png&w=350&h=254,74,92,56,67,51,79
255,Kyle Lowry,63,276,144,132,0.555,844,17,35,22966970.272290982,https://a.espncdn.com/combiner/i?img=/i/headshots/nba/players/full/3012.png&w=350&h=254,67,84,54,69,48,72
256,Trey Lyles,150,524,134,390,0.5306666666666667,1572,64,26,5247629.878848826,https://a.espncdn.com/combiner/i?img=/i/headshots/nba/players/full/3136196.png&w=350&h=254,91,81,90,51,91,93
257,Théo Maledon,51,119,44,75,0.445,361,11,20,2223737.083523114,https://a.espncdn.com/combiner/i?img=/i/headshots/nba/players/full/4683027.png&w=350&h=254,35,47,35,10,33,39
258,Sandro Mamukelashvili,41,57,22,35,0.591,154,9,22,724544.9959277856,https://a.espncdn.com/combiner/i?img=/i/headshots/nba/players/full/4278580.png&w=350&h=254,19,34,19,86,29,20
259,Terance Mann,81,334,76,258,0.539,872,21,25,3593891.046390458,https://a.espncdn.com/combiner/i?img=/i/headshots/nba/players/full/3907823.png&w=350&h=254,75,63,79,57,56,73
260,Tre Mann,60,231,98,133,0.476,625,12,20,3894137.5277551888,https://a.espncdn.com/combiner/i?img=/i/headshots/nba/players/full/4432819.png&w=350&h=254,58,72,55,18,37,58
261,Boban Marjanović,23,42,1,41,0.607,98,3,33,951223.6452189244,https://a.espncdn.com/combiner/i?img=/i/headshots/nba/players/full/4376.png&w=350&h=254,15,11,22,90,14,14
262,Lauri Markkanen,61,313,136,177,0.542,900,30,24,15266866.100942766,https://a.espncdn.com/combiner/i?img=/i/headshots/nba/players/full/4066336.png&w=350&h=254,73,82,65,61,70,75
263,Naji Marshall,55,109,21,88,0.444,313,8,24,2291816.1209519585,https://a.espncdn.com/combiner/i?img=/i/headshots/nba/players/full/4278594.png&w=350&h=254,32,33,40,9,27,33
264,Caleb Martin,60,208,64,144,0.585,551,30,26,5997076.459519112,https://a.espncdn.com/combiner/i?img=/i/headshots/nba/players/full/3138160.png&w=350&h=254,54,59,57,83,70,52
265,Cody Martin,71,204,61,143,0.554,544,32,26,6424367.023385758,https://a.espncdn.com/combiner/i?img=/i/headshots/nba/players/full/3138161.png&w=350&h=254,52,57,57,68,72,52
266,Kelan Martin,60,140,44,96,0.3186666666666666,342,18,26,1938092.159107296,https://a.espncdn.com/combiner/i?img=/i/headshots/nba/players/full/3133596.png&w=350&h=254,39,47,43,2,51,37
267,Kenyon Martin Jr.,79,279,60,219,0.591,696,40,21,2419627.4953590985,https://a.espncdn.com/combiner/i?img=/i/headshots/nba/players/full/4431828.png&w=350&h=254,68,57,74,86,78,65
268,Garrison Mathews,65,184,139,45,0.55,650,24,25,6750573.817048608,https://a.espncdn.com/combiner/i?img=/i/headshots/nba/players/full/3913180.png&w=350&h=254,48,83,24,65,63,61
269,Wesley Matthews,49,87,53,34,0.516,249,8,35,2582306.3610136206,https://a.espncdn.com/combiner/i?img=/i/headshots/nba/players/full/4032.png&w=350&h=254,27,52,18,40,27,29
270,Tyrese Maxey,75,483,132,351,0.552,1311,32,21,4714465.286814025,https://a.espncdn.com/combiner/i?img=/i/headshots/nba/players/full/4431678.png&w=350&h=254,88,81,87,66,72,88
271,Miles McBride,40,32,17,15,0.375,89,1,21,1368294.629512027,https://a.espncdn.com/combiner/i?img=/i/headshots/nba/players/full/4431823.png&w=350&h=254,12,31,10,3,8,13
272,CJ McCollum,124,1072,364,708,0.541,2740,44,30,25672484.600440037,https://a.espncdn.com/combiner/i?img=/i/headshots/nba/players/full/2490149.png&w=350&h=254,100,99,99,59,82,99
273,T.J. McConnell,27,100,10,90,0.505,229,10,29,6544188.734293545,https://a.espncdn.com/combiner/i?img=/i/headshots/nba/players/full/2530530.png&w=350&h=254,30,24,40,35,31,27
274,Jaden McDaniels,70,255,80,175,0.532,647,54,21,2799919.145664162,https://a.espncdn.com/combiner/i?img=/i/headshots/nba/players/full/4431671.png&w=350&h=254,63,66,64,52,87,61
275,Jalen McDaniels,55,123,41,82,0.565,340,22,24,2031783.0493926725,https://a.espncdn.com/combiner/i?img=/i/headshots/nba/players/full/4066731.png&w=350&h=254,35,45,36,74,59,36
276,Doug McDermott,51,215,108,107,0.578,578,6,30,11576489.674917867,https://a.espncdn.com/combiner/i?img=/i/headshots/nba/players/full/2528588.png&w=350&h=254,55,74,47,80,21,54
277,JaVale McGee,74,288,2,286,0.631,680,81,34,5943760.915805363,https://a.espncdn.com/combiner/i?img=/i/headshots/nba/players/full/3452.png&w=350&h=254,70,14,82,92,95,63
278,Rodney McGruder,51,98,58,40,0.564,273,7,30,2070444.409428772,https://a.espncdn.com/combiner/i?img=/i/headshots/nba/players/full/2488826.png&w=350&h=254,30,56,21,73,24,30
279,Alfonzo McKinnie,17,24,9,15,0.467,59,3,29,1330078.836986534,https://a.espncdn.com/combiner/i?img=/i/headshots/nba/players/full/2530923.png&w=350&h=254,10,22,10,15,14,9
280,Jordan McLaughlin,62,88,27,61,0.508,233,10,25,2101996.883585146,https://a.espncdn.com/combiner/i?img=/i/headshots/nba/players/full/3134916.png&w=350&h=254,28,36,30,37,31,28
281,De'Anthony Melton,73,281,139,142,0.504,791,39,23,6444547.45631052,https://a.espncdn.com/combiner/i?img=/i/headshots/nba/players/full/4066436.png&w=350&h=254,68,83,56,35,77,70
282,Sam Merrill,6,8,7,1,0.479,25,0,25,1110922.981210734,https://a.espncdn.com/combiner/i?img=/i/headshots/nba/players/full/4066757.png&w=350&h=254,4,20,2,20,5,5
283,Chimezie Metu,60,203,57,146,0.516,534,32,24,4748059.888798135,https://a.espncdn.com/combiner/i?img=/i/headshots/nba/players/full/3914283.png&w=350&h=254,52,55,58,40,72,51
284,Khris Middleton,66,452,162,290,0.522,1325,18,30,28538763.46207132,https://a.espncdn.com/combiner/i?img=/i/headshots/nba/players/full/6609.png&w=350&h=254,85,88,82,44,51,89
285,Patty Mills,81,324,227,97,0.551,923,17,33,7140682.511024635,https://a.espncdn.com/combiner/i?img=/i/headshots/nba/players/full/4004.png&w=350&h=254,74,96,44,66,48,76
286,Shake Milton,55,173,43,130,0.483,450,17,25,1998816.80263012,https://a.espncdn.com/combiner/i?img=/i/headshots/nba/players/full/3915195.png&w=350&h=254,45,46,53,22,48,44
287,Davion Mitchell,75,352,101,251,0.477,861,24,23,4769852.326773627,https://a.espncdn.com/combiner/i?img=/i/headshots/nba/players/full/4278053.png&w=350&h=254,77,73,78,19,63,73
288,Donovan Mitchell,67,617,232,385,0.533,1733,12,25,29301591.537648287,https://a.espncdn.com/combiner/i?img=/i/headshots/nba/players/full/3908809.png&w=350&h=254,95,97,90,53,37,95
289,Evan Mobley,69,422,23,399,0.522,1034,115,20,9364137.76880494,https://a.espncdn.com/combiner/i?img=/i/headshots/nba/players/full/4432158.png&w=350&h=254,83,35,91,44,97,80
290,Malik Monk,76,391,173,218,0.578,1048,29,23,7992244.327886631,https://a.espncdn.com/combiner/i?img=/i/headshots/nba/players/full/4066262.png&w=350&h=254,80,90,73,80,69,81
291,Moses Moody,52,80,40,40,0.546,228,10,19,3408391.165724103,https://a.espncdn.com/combiner/i?img=/i/headshots/nba/players/full/4432171.png&w=350&h=254,25,44,21,63,31,27
292,Ja Morant,57,580,88,492,0.53,1564,22,22,15257043.06386359,https://a.espncdn.com/combiner/i?img=/i/headshots/nba/players/full/4279888.png&w=350&h=254,94,69,97,50,59,93
293,Juwan Morgan,4,4,2,2,0.833,10,0,24,1149717.9644633117,https://a.espncdn.com/combiner/i?img=/i/headshots/nba/players/full/3934721.png&w=350&h=254,3,14,3,99,5,3
294,Marcus Morris,54,300,101,199,0.507,830,18,32,18660417.72803814,https://a.espncdn.com/combiner/i?img=/i/headshots/nba/players/full/6462.png&w=350&h=254,72,73,69,37,51,71
295,Markieff Morris,17,54,13,41,0.531,129,1,32,1871325.956107264,https://a.espncdn.com/combiner/i?img=/i/headshots/nba/players/full/6461.png&w=350&h=254,19,26,22,51,8,16
296,Monte Morris,75,374,124,250,0.564,945,14,26,10042320.862982862,https://a.espncdn.com/combiner/i?img=/i/headshots/nba/players/full/3059310.png&w=350&h=254,79,78,78,73,41,77
297,Trey Murphy III,62,109,71,38,0.522,334,7,21,2319894.8189197066,https://a.espncdn.com/combiner/i?img=/i/headshots/nba/players/full/4397688.png&w=350&h=254,32,62,20,44,24,35
298,Dejounte Murray,68,573,96,477,0.5,1438,23,25,18893512.91332982,https://a.espncdn.com/combiner/i?img=/i/headshots/nba/players/full/3907497.png&w=350&h=254,93,71,95,31,61,91
299,Mike Muscala,43,113,70,43,0.597,344,26,30,3310524.98888733,https://a.espncdn.com/combiner/i?img=/i/headshots/nba/players/full/2490089.png&w=350&h=254,33,61,23,88,66,37
300,Svi Mykhailiuk,56,91,41,50,0.476,255,4,24,2425918.1884460133,https://a.espncdn.com/combiner/i?img=/i/headshots/nba/players/full/3133602.png&w=350&h=254,28,45,25,18,16,29
301,Abdel Nader,14,12,4,8,0.4,34,4,28,1892264.129956965,https://a.espncdn.com/combiner/i?img=/i/headshots/nba/players/full/2595435.png&w=350&h=254,6,16,7,5,16,6
302,Larry Nance Jr.,92,258,46,212,0.5746666666666665,642,40,29,7696817.882764556,https://a.espncdn.com/combiner/i?img=/i/headshots/nba/players/full/2580365.png&w=350&h=254,64,48,72,78,78,60
303,Aaron Nesmith,52,72,31,41,0.481,196,5,22,3375609.4742917675,https://a.espncdn.com/combiner/i?img=/i/headshots/nba/players/full/4396909.png&w=350&h=254,24,39,22,21,18,24
304,Raul Neto,70,204,35,169,0.502,526,3,29,3748935.05346108,https://a.espncdn.com/combiner/i?img=/i/headshots/nba/players/full/2968361.png&w=350&h=254,52,41,62,33,14,50
305,Georges Niang,76,246,156,90,0.575,700,13,28,4985310.194764558,https://a.espncdn.com/combiner/i?img=/i/headshots/nba/players/full/2990969.png&w=350&h=254,61,86,40,79,38,65
306,Daishen Nix,24,27,7,20,0.455,77,0,19,1999512.2139895188,https://a.espncdn.com/combiner/i?img=/i/headshots/nba/players/full/4432176.png&w=350&h=254,11,20,13,12,5,12
307,Zeke Nnaji,41,96,37,59,0.616,270,13,21,2124541.4837629083,https://a.espncdn.com/combiner/i?img=/i/headshots/nba/players/full/4431690.png&w=350&h=254,29,42,29,91,38,30
308,Nerlens Noel,25,32,0,32,0.533,85,31,27,4035009.052375069,https://a.espncdn.com/combiner/i?img=/i/headshots/nba/players/full/2991280.png&w=350&h=254,12,7,18,53,71,12
309,Jaylen Nowell,62,196,63,133,0.551,527,10,22,2653604.072498734,https://a.espncdn.com/combiner/i?img=/i/headshots/nba/players/full/4278541.png&w=350&h=254,50,58,55,66,31,50
310,Frank Ntilikina,58,89,38,51,0.484,240,7,23,2117579.480698683,https://a.espncdn.com/combiner/i?img=/i/headshots/nba/players/full/4230547.png&w=350&h=254,28,43,26,22,24,28
311,Jusuf Nurkić,56,321,15,306,0.548,842,34,27,18058556.931067534,https://a.espncdn.com/combiner/i?img=/i/headshots/nba/players/full/3102530.png&w=350&h=254,74,29,84,63,74,72
312,David Nwaba,46,85,15,70,0.526,233,20,29,2682902.854325463,https://a.espncdn.com/combiner/i?img=/i/headshots/nba/players/full/3062744.png&w=350&h=254,26,29,33,48,55,28
313,Jordan Nwora,62,186,79,107,0.488,487,17,23,3087541.590682785,https://a.espncdn.com/combiner/i?img=/i/headshots/nba/players/full/4277883.png&w=350&h=254,48,65,47,25,48,47
314,Royce O'Neale,77,203,119,84,0.591,570,32,28,8469332.708541043,https://a.espncdn.com/combiner/i?img=/i/headshots/nba/players/full/2583632.png&w=350&h=254,52,77,37,86,72,54
315,Semi Ojeleye,60,60,30,30,0.3993333333333333,196,12,27,2000854.1366852685,https://a.espncdn.com/combiner/i?img=/i/headshots/nba/players/full/3056602.png&w=350&h=254,20,39,17,4,37,24
316,Chuma Okeke,70,216,118,98,0.478,605,42,23,4080435.770066866,https://a.espncdn.com/combiner/i?img=/i/headshots/nba/players/full/4278052.png&w=350&h=254,56,77,44,20,80,57
317,Josh Okogie,49,42,14,28,0.471,133,12,23,1022417.7488639924,https://a.espncdn.com/combiner/i?img=/i/headshots/nba/players/full/4065663.png&w=350&h=254,15,27,15,17,37,17
318,Onyeka Okongwu,48,156,0,156,0.69,392,60,21,5181222.089590204,https://a.espncdn.com/combiner/i?img=/i/headshots/nba/players/full/4431680.png&w=350&h=254,42,7,60,98,90,40
319,Isaac Okoro,67,207,55,152,0.544,588,22,21,7305620.794814143,https://a.espncdn.com/combiner/i?img=/i/headshots/nba/players/full/4432822.png&w=350&h=254,53,53,59,62,59,55
320,KZ Okpala,21,30,9,21,0.5,77,7,22,1588775.683401931,https://a.espncdn.com/combiner/i?img=/i/headshots/nba/players/full/4278521.png&w=350&h=254,11,22,13,31,24,12
321,Victor Oladipo,8,35,15,20,0.582,99,1,29,4661575.7246370185,https://a.espncdn.com/combiner/i?img=/i/headshots/nba/players/full/2527963.png&w=350&h=254,13,29,13,81,8,14
322,Kelly Olynyk,40,128,40,88,0.517,365,19,30,8420901.291533794,https://a.espncdn.com/combiner/i?img=/i/headshots/nba/players/full/2489663.png&w=350&h=254,37,44,40,41,53,39
323,Eugene Omoruyi,4,2,1,1,0.5,7,0,24,728088.6386080552,https://a.espncdn.com/combiner/i?img=/i/headshots/nba/players/full/4066410.png&w=350&h=254,2,11,2,31,5,2
324,Miye Oni,16,2,1,1,0.278,5,0,24,1425084.8692211465,https://a.espncdn.com/combiner/i?img=/i/headshots/nba/players/full/4066851.png&w=350&h=254,2,11,2,1,5,1
325,Cedi Osman,66,247,128,119,0.544,709,10,26,6621205.294628133,https://a.espncdn.com/combiner/i?img=/i/headshots/nba/players/full/3893016.png&w=350&h=254,61,79,50,62,31,66
326,Daniel Oturu,3,3,0,3,0.5,9,2,22,1334077.8493760866,https://a.espncdn.com/combiner/i?img=/i/headshots/nba/players/full/4397215.png&w=350&h=254,2,7,4,31,11,2
327,Kelly Oubre Jr.,76,410,191,219,0.542,1137,31,26,12224662.441755736,https://a.espncdn.com/combiner/i?img=/i/headshots/nba/players/full/3133603.png&w=350&h=254,82,93,74,61,71,83
328,Kevin Pangos,24,15,6,9,0.391,39,0,29,2099915.7261162447,https://a.espncdn.com/combiner/i?img=/i/headshots/nba/players/full/2583962.png&w=350&h=254,7,19,8,4,5,6
329,Jabari Parker,12,18,8,10,0.579,53,1,26,1746108.4878852754,https://a.espncdn.com/combiner/i?img=/i/headshots/nba/players/full/3056600.png&w=350&h=254,8,21,8,81,8,9
330,Chris Paul,65,363,63,300,0.536,958,20,36,24444793.50545841,https://a.espncdn.com/combiner/i?img=/i/headshots/nba/players/full/2779.png&w=350&h=254,78,58,83,55,55,78
331,Cameron Payne,58,240,71,169,0.469,626,17,27,6503846.389059659,https://a.espncdn.com/combiner/i?img=/i/headshots/nba/players/full/3064230.png&w=350&h=254,60,62,62,16,48,58
332,Gary Payton II,71,212,43,169,0.679,502,22,29,6774885.998632365,https://a.espncdn.com/combiner/i?img=/i/headshots/nba/players/full/3134903.png&w=350&h=254,55,46,62,97,59,48
333,Theo Pinson,19,14,10,4,0.487,48,2,26,1730535.5130726695,https://a.espncdn.com/combiner/i?img=/i/headshots/nba/players/full/3138154.png&w=350&h=254,6,24,5,25,11,8
334,Mason Plumlee,73,205,0,205,0.641,477,52,31,9308693.421416596,https://a.espncdn.com/combiner/i?img=/i/headshots/nba/players/full/2488653.png&w=350&h=254,53,7,70,94,87,47
335,Jakob Poeltl,68,410,1,409,0.619,915,118,26,12431602.45283184,https://a.espncdn.com/combiner/i?img=/i/headshots/nba/players/full/3134908.png&w=350&h=254,82,11,92,91,98,75
336,Aleksej Pokusevski,61,186,57,129,0.47,464,38,20,3608392.969193904,https://a.espncdn.com/combiner/i?img=/i/headshots/nba/players/full/4683018.png&w=350&h=254,48,55,53,16,76,45
337,Jordan Poole,76,474,211,263,0.548,1405,23,22,5664509.846549719,https://a.espncdn.com/combiner/i?img=/i/headshots/nba/players/full/4277956.png&w=350&h=254,87,94,79,63,61,91
338,Kevin Porter Jr.,61,335,155,180,0.511,949,22,21,5400068.356202083,https://a.espncdn.com/combiner/i?img=/i/headshots/nba/players/full/4397140.png&w=350&h=254,75,85,66,38,59,77
339,Michael Porter Jr.,9,37,10,27,0.408,89,2,23,1528314.5326355747,https://a.espncdn.com/combiner/i?img=/i/headshots/nba/players/full/4278104.png&w=350&h=254,14,24,15,6,11,13
340,Otto Porter Jr.,63,193,80,113,0.56,515,29,28,5715826.048205367,https://a.espncdn.com/combiner/i?img=/i/headshots/nba/players/full/2594922.png&w=350&h=254,49,66,49,71,69,49
341,Bobby Portis,72,417,133,284,0.555,1052,51,26,12626975.074762432,https://a.espncdn.com/combiner/i?img=/i/headshots/nba/players/full/3064482.png&w=350&h=254,82,81,81,69,85,81
342,Kristaps Porziņģis,102,704,156,548,0.5133333333333333,2060,168,26,26583855.43847597,https://a.espncdn.com/combiner/i?img=/i/headshots/nba/players/full/3102531.png&w=350&h=254,97,86,98,39,99,98
343,Dwight Powell,82,269,13,256,0.687,717,39,30,10312224.06884117,https://a.espncdn.com/combiner/i?img=/i/headshots/nba/players/full/2531367.png&w=350&h=254,66,26,79,97,77,66
344,Norman Powell,90,558,212,346,0.5673333333333334,1706,42,28,14813673.194558252,https://a.espncdn.com/combiner/i?img=/i/headshots/nba/players/full/2595516.png&w=350&h=254,93,94,87,75,80,95
345,Joshua Primo,50,101,42,59,0.452,288,23,19,3538227.589113918,https://a.espncdn.com/combiner/i?img=/i/headshots/nba/players/full/4702176.png&w=350&h=254,31,46,29,11,61,32
346,Taurean Prince,69,177,86,91,0.564,502,23,27,6126261.858755446,https://a.espncdn.com/combiner/i?img=/i/headshots/nba/players/full/2990962.png&w=350&h=254,46,68,41,73,61,48
347,Payton Pritchard,71,160,101,59,0.564,442,6,24,2384837.446711165,https://a.espncdn.com/combiner/i?img=/i/headshots/nba/players/full/4066354.png&w=350&h=254,43,73,29,73,21,43
348,Trevelin Queen,10,15,9,6,0.591,43,1,24,1636906.7804303695,https://a.espncdn.com/combiner/i?img=/i/headshots/nba/players/full/4409222.png&w=350&h=254,7,22,7,86,8,7
349,Immanuel Quickley,78,284,137,147,0.487,882,3,22,2663747.89507708,https://a.espncdn.com/combiner/i?img=/i/headshots/nba/players/full/4395724.png&w=350&h=254,69,83,59,25,14,74
350,Jahmi'us Ramsey,19,24,5,19,0.457,60,1,20,1511847.9547687678,https://a.espncdn.com/combiner/i?img=/i/headshots/nba/players/full/4431688.png&w=350&h=254,10,17,12,13,8,10
351,Julius Randle,72,512,120,392,0.459,1447,39,27,22169515.708406992,https://a.espncdn.com/combiner/i?img=/i/headshots/nba/players/full/3064514.png&w=350&h=254,90,78,91,13,77,92
352,Austin Reaves,61,146,53,93,0.542,444,20,23,2728618.511898127,https://a.espncdn.com/combiner/i?img=/i/headshots/nba/players/full/4066457.png&w=350&h=254,41,52,42,61,55,43
353,Cam Reddish,98,330,132,198,0.4829999999999999,994,30,22,5351742.03469671,https://a.espncdn.com/combiner/i?img=/i/headshots/nba/players/full/4395627.png&w=350&h=254,75,81,69,22,70,79
354,Davon Reed,48,81,37,44,0.618,209,9,26,2001261.451474462,https://a.espncdn.com/combiner/i?img=/i/headshots/nba/players/full/3059262.png&w=350&h=254,25,42,23,91,29,25
355,Paul Reed,38,54,2,52,0.573,116,14,22,1147631.966720911,https://a.espncdn.com/combiner/i?img=/i/headshots/nba/players/full/4278562.png&w=350&h=254,19,14,27,77,41,15
356,Naz Reid,77,233,57,176,0.549,637,71,22,2404647.092606303,https://a.espncdn.com/combiner/i?img=/i/headshots/nba/players/full/4396971.png&w=350&h=254,59,55,64,64,93,59
357,Nick Richards,50,60,0,60,0.667,150,21,24,1670855.3575363983,https://a.espncdn.com/combiner/i?img=/i/headshots/nba/players/full/4278076.png&w=350&h=254,20,7,29,96,56,19
358,Josh Richardson,130,468,204,264,0.534,1332,58,28,9140463.519318838,https://a.espncdn.com/combiner/i?img=/i/headshots/nba/players/full/2581190.png&w=350&h=254,87,93,79,54,89,89
359,Austin Rivers,67,146,79,67,0.53,403,6,29,2984576.7471311213,https://a.espncdn.com/combiner/i?img=/i/headshots/nba/players/full/6617.png&w=350&h=254,41,65,31,50,21,41
360,Duncan Robinson,79,290,232,58,0.559,863,14,27,13815528.262423089,https://a.espncdn.com/combiner/i?img=/i/headshots/nba/players/full/3157465.png&w=350&h=254,71,97,28,71,41,73
361,Mitchell Robinson,72,261,0,261,0.761,610,133,23,14031129.100116229,https://a.espncdn.com/combiner/i?img=/i/headshots/nba/players/full/4351852.png&w=350&h=254,64,7,79,99,98,57
362,Jeremiah Robinson-Earl,49,134,58,76,0.503,366,15,21,2981053.547324026,https://a.espncdn.com/combiner/i?img=/i/headshots/nba/players/full/4432813.png&w=350&h=254,38,56,35,34,44,40
363,Isaiah Roby,45,166,44,122,0.582,454,34,23,3014861.150530229,https://a.espncdn.com/combiner/i?img=/i/headshots/nba/players/full/4066392.png&w=350&h=254,44,47,51,81,74,45
364,Derrick Rose,26,122,37,85,0.513,311,12,33,10337555.69978504,https://a.espncdn.com/combiner/i?img=/i/headshots/nba/players/full/3456.png&w=350&h=254,35,42,38,39,37,33
365,Terrence Ross,63,220,77,143,0.467,629,12,30,6398733.573039767,https://a.espncdn.com/combiner/i?img=/i/headshots/nba/players/full/6619.png&w=350&h=254,57,64,57,15,37,58
366,Terry Rozier,73,518,222,296,0.539,1408,25,27,18405761.39421595,https://a.espncdn.com/combiner/i?img=/i/headshots/nba/players/full/3074752.png&w=350&h=254,91,95,83,57,64,91
367,Ricky Rubio,34,149,59,90,0.434,445,7,31,4149728.664417256,https://a.espncdn.com/combiner/i?img=/i/headshots/nba/players/full/4011.png&w=350&h=254,41,57,40,8,24,44
368,D'Angelo Russell,65,401,176,225,0.502,1176,22,25,14196420.04315906,https://a.espncdn.com/combiner/i?img=/i/headshots/nba/players/full/3136776.png&w=350&h=254,81,91,75,33,59,84
369,Matt Ryan,1,1,1,0,0.3,3,0,24,1286105.066747188,https://a.espncdn.com/combiner/i?img=/i/headshots/nba/players/full/3908336.png&w=350&h=254,1,11,1,2,5,1
370,Domantas Sabonis,124,886,78,808,0.5906666666666666,2342,54,25,18471316.72910618,https://a.espncdn.com/combiner/i?img=/i/headshots/nba/players/full/3155942.png&w=350&h=254,99,64,100,85,87,99
371,Admiral Schofield,38,54,26,28,0.519,146,5,24,2353546.042325549,https://a.espncdn.com/combiner/i?img=/i/headshots/nba/players/full/3918423.png&w=350&h=254,19,35,15,42,18,18
372,Dennis Schröder,128,624,172,452,0.4826666666666666,1734,16,28,5510341.443288052,https://a.espncdn.com/combiner/i?img=/i/headshots/nba/players/full/3032979.png&w=350&h=254,95,90,94,21,46,95
373,Alperen Şengün,72,249,29,220,0.502,692,68,19,3614455.988812477,https://a.espncdn.com/combiner/i?img=/i/headshots/nba/players/full/4871144.png&w=350&h=254,62,38,74,33,92,64
374,Collin Sexton,11,68,11,57,0.487,176,0,23,13967030.322119843,https://a.espncdn.com/combiner/i?img=/i/headshots/nba/players/full/4277811.png&w=350&h=254,22,24,27,25,5,22
375,Landry Shamet,69,191,123,68,0.521,573,9,24,7567477.417914637,https://a.espncdn.com/combiner/i?img=/i/headshots/nba/players/full/3914044.png&w=350&h=254,49,78,32,43,29,54
376,Day'Ron Sharpe,32,86,2,84,0.584,198,15,20,2002263.3032109996,https://a.espncdn.com/combiner/i?img=/i/headshots/nba/players/full/4432194.png&w=350&h=254,27,14,37,82,44,24
377,Pascal Siakam,68,596,75,521,0.525,1551,42,27,32941701.93667575,https://a.espncdn.com/combiner/i?img=/i/headshots/nba/players/full/3149673.png&w=350&h=254,94,63,97,46,80,93
378,Marko Simonovic,9,4,1,3,0.3,17,1,22,1578596.4448826588,https://a.espncdn.com/combiner/i?img=/i/headshots/nba/players/full/4683622.png&w=350&h=254,3,11,4,2,8,3
379,Anfernee Simons,57,353,179,174,0.555,988,6,22,10077333.341819093,https://a.espncdn.com/combiner/i?img=/i/headshots/nba/players/full/4351851.png&w=350&h=254,77,91,63,69,21,79
380,Jericho Sims,41,39,0,39,0.722,90,22,23,1799672.7271406292,https://a.espncdn.com/combiner/i?img=/i/headshots/nba/players/full/4277922.png&w=350&h=254,14,7,20,98,59,13
381,Deividas Sirvydis,3,1,1,0,0.15,3,1,21,448428.7665659669,https://a.espncdn.com/combiner/i?img=/i/headshots/nba/players/full/4423883.png&w=350&h=254,1,11,1,0,8,1
382,Marcus Smart,71,300,119,181,0.501,861,18,27,13617064.908079172,https://a.espncdn.com/combiner/i?img=/i/headshots/nba/players/full/2990992.png&w=350&h=254,72,77,66,32,51,73
383,Dennis Smith Jr.,37,79,6,73,0.434,206,12,24,2129800.0937453634,https://a.espncdn.com/combiner/i?img=/i/headshots/nba/players/full/4065697.png&w=350&h=254,25,19,34,8,37,25
384,Ish Smith,130,370,50,320,0.4563333333333333,820,46,33,5939977.600954084,https://a.espncdn.com/combiner/i?img=/i/headshots/nba/players/full/4305.png&w=350&h=254,79,50,86,12,83,71
385,Jalen Smith,102,352,80,272,0.552,940,82,21,4960968.621507599,https://a.espncdn.com/combiner/i?img=/i/headshots/nba/players/full/4397189.png&w=350&h=254,77,66,80,66,95,77
386,Xavier Sneed,18,4,2,2,0.1876666666666666,10,0,24,163818.99292427208,https://a.espncdn.com/combiner/i?img=/i/headshots/nba/players/full/4066303.png&w=350&h=254,3,14,3,0,5,3
387,Jaden Springer,2,1,0,1,1.0,2,2,19,1757793.5670636715,https://a.espncdn.com/combiner/i?img=/i/headshots/nba/players/full/4432164.png&w=350&h=254,1,7,2,100,11,0
388,Nik Stauskas,16,10,8,2,0.5,36,0,28,1826086.4497389991,https://a.espncdn.com/combiner/i?img=/i/headshots/nba/players/full/2991042.png&w=350&h=254,5,21,3,31,5,6
389,Lamar Stevens,63,156,18,138,0.517,383,18,24,1832164.8614595896,https://a.espncdn.com/combiner/i?img=/i/headshots/nba/players/full/4066405.png&w=350&h=254,42,31,55,41,51,40
390,Isaiah Stewart,71,250,15,235,0.526,589,78,20,6890921.213998919,https://a.espncdn.com/combiner/i?img=/i/headshots/nba/players/full/4432810.png&w=350&h=254,62,29,76,48,94,55
391,Max Strus,68,249,181,68,0.602,721,16,25,8146815.4014096465,https://a.espncdn.com/combiner/i?img=/i/headshots/nba/players/full/4065778.png&w=350&h=254,62,91,32,89,46,66
392,Jalen Suggs,48,198,42,156,0.4,564,19,20,10041526.114061415,https://a.espncdn.com/combiner/i?img=/i/headshots/nba/players/full/4432165.png&w=350&h=254,51,46,60,5,53,53
393,Keifer Sykes,32,69,27,42,0.434,180,4,28,4233751.450325042,https://a.espncdn.com/combiner/i?img=/i/headshots/nba/players/full/2596247.png&w=350&h=254,23,36,22,8,16,22
394,Jae'Sean Tate,78,363,63,300,0.541,919,41,26,8828405.98097351,https://a.espncdn.com/combiner/i?img=/i/headshots/nba/players/full/3136777.png&w=350&h=254,78,58,83,59,79,76
395,Jayson Tatum,76,708,230,478,0.526,2046,49,23,27268501.3158838,https://a.espncdn.com/combiner/i?img=/i/headshots/nba/players/full/4065648.png&w=350&h=254,97,96,96,48,84,98
396,Terry Taylor,33,135,12,123,0.641,318,8,22,1866970.699097408,https://a.espncdn.com/combiner/i?img=/i/headshots/nba/players/full/4279815.png&w=350&h=254,39,25,51,94,27,34
397,Garrett Temple,59,111,59,52,0.476,309,23,35,4045356.620171587,https://a.espncdn.com/combiner/i?img=/i/headshots/nba/players/full/4023.png&w=350&h=254,33,57,27,18,61,33
398,Daniel Theis,94,302,66,236,0.5843333333333334,768,62,29,7953556.992573857,https://a.espncdn.com/combiner/i?img=/i/headshots/nba/players/full/2451037.png&w=350&h=254,72,60,76,82,90,68
399,Cam Thomas,67,218,47,171,0.48,570,8,20,2938583.448319348,https://a.espncdn.com/combiner/i?img=/i/headshots/nba/players/full/4432174.png&w=350&h=254,56,49,62,20,27,54
400,Klay Thompson,32,246,114,132,0.529,652,17,31,29278700.2440098,https://a.espncdn.com/combiner/i?img=/i/headshots/nba/players/full/6475.png&w=350&h=254,61,76,54,50,48,61
401,Tristan Thompson,114,282,2,280,0.536,688,42,30,5252958.499228168,https://a.espncdn.com/combiner/i?img=/i/headshots/nba/players/full/6474.png&w=350&h=254,69,14,81,55,80,64
402,JT Thor,33,24,7,17,0.5,67,11,19,1572623.4488269372,https://a.espncdn.com/combiner/i?img=/i/headshots/nba/players/full/4702233.png&w=350&h=254,10,20,11,31,33,11
403,Matisse Thybulle,66,150,45,105,0.575,379,71,24,4923195.26343604,https://a.espncdn.com/combiner/i?img=/i/headshots/nba/players/full/3907498.png&w=350&h=254,41,48,46,79,93,40
404,Killian Tillie,36,43,27,16,0.445,118,15,23,2070445.5380683343,https://a.espncdn.com/combiner/i?img=/i/headshots/nba/players/full/4066651.png&w=350&h=254,16,36,11,10,44,16
405,Xavier Tillman Sr.,53,98,10,88,0.477,252,15,23,1909141.7307228316,https://a.espncdn.com/combiner/i?img=/i/headshots/nba/players/full/4277964.png&w=350&h=254,30,24,40,19,44,29
406,Isaiah Todd,12,7,4,3,0.346,20,2,20,1581155.320923875,https://a.espncdn.com/combiner/i?img=/i/headshots/nba/players/full/4715198.png&w=350&h=254,4,16,4,3,11,4
407,Obi Toppin,72,251,52,199,0.586,648,33,23,4758019.110756461,https://a.espncdn.com/combiner/i?img=/i/headshots/nba/players/full/4278355.png&w=350&h=254,62,51,69,83,73,61
408,Juan Toscano-Anderson,73,115,28,87,0.549,298,17,28,2048988.639416626,https://a.espncdn.com/combiner/i?img=/i/headshots/nba/players/full/4401416.png&w=350&h=254,34,37,38,64,48,32
409,Karl-Anthony Towns,74,642,150,492,0.591,1818,83,26,31443099.39588029,https://a.espncdn.com/combiner/i?img=/i/headshots/nba/players/full/3136195.png&w=350&h=254,96,85,97,86,95,95
410,Gary Trent Jr.,70,450,209,241,0.511,1283,19,23,14519495.625079596,https://a.espncdn.com/combiner/i?img=/i/headshots/nba/players/full/4277843.png&w=350&h=254,85,94,77,38,53,87
411,P.J. Tucker,71,207,80,127,0.577,539,15,36,10060563.296224097,https://a.espncdn.com/combiner/i?img=/i/headshots/nba/players/full/3033.png&w=350&h=254,53,66,52,80,44,51
412,Rayjon Tucker,10,12,8,4,0.856,42,0,24,1861063.2724212096,https://a.espncdn.com/combiner/i?img=/i/headshots/nba/players/full/3908819.png&w=350&h=254,6,21,5,99,5,7
413,Myles Turner,42,200,61,139,0.587,540,118,25,22260558.945032056,https://a.espncdn.com/combiner/i?img=/i/headshots/nba/players/full/3133628.png&w=350&h=254,51,57,55,84,98,51
414,Jonas Valančiūnas,74,510,57,453,0.574,1314,60,29,16847933.10253467,https://a.espncdn.com/combiner/i?img=/i/headshots/nba/players/full/6477.png&w=350&h=254,90,55,95,78,90,88
415,Denzel Valentine,48,50,38,12,0.5546666666666668,138,0,28,2229754.934736121,https://a.espncdn.com/combiner/i?img=/i/headshots/nba/players/full/2999549.png&w=350&h=254,17,43,8,68,5,18
416,Jarred Vanderbilt,74,212,2,210,0.59,512,46,22,8086747.648810531,https://a.espncdn.com/combiner/i?img=/i/headshots/nba/players/full/4278077.png&w=350&h=254,55,14,72,85,83,49
417,Fred VanVleet,65,442,242,200,0.513,1320,35,27,14691640.64876404,https://a.espncdn.com/combiner/i?img=/i/headshots/nba/players/full/2991230.png&w=350&h=254,85,98,70,39,74,88
418,Devin Vassell,71,326,137,189,0.516,872,41,21,5190854.92652839,https://a.espncdn.com/combiner/i?img=/i/headshots/nba/players/full/4395630.png&w=350&h=254,74,83,68,40,79,73
419,Gabe Vincent,68,214,119,95,0.533,591,12,25,2645762.734554334,https://a.espncdn.com/combiner/i?img=/i/headshots/nba/players/full/3137259.png&w=350&h=254,55,77,43,53,37,56
420,Nikola Vučević,73,546,104,442,0.518,1288,71,31,13914247.353247216,https://a.espncdn.com/combiner/i?img=/i/headshots/nba/players/full/6478.png&w=350&h=254,92,73,94,42,93,88
421,Dean Wade,51,99,51,48,0.574,269,7,25,2220164.9649180565,https://a.espncdn.com/combiner/i?img=/i/headshots/nba/players/full/3912848.png&w=350&h=254,30,51,24,78,24,30
422,Franz Wagner,79,456,96,360,0.517,1197,34,20,6434112.951761102,https://a.espncdn.com/combiner/i?img=/i/headshots/nba/players/full/4566434.png&w=350&h=254,86,71,88,41,74,84
423,Moritz Wagner,63,197,66,131,0.581,564,13,24,4098230.077668216,https://a.espncdn.com/combiner/i?img=/i/headshots/nba/players/full/3150844.png&w=350&h=254,50,60,53,81,38,53
424,Ish Wainright,45,41,19,22,0.486,108,6,27,687063.8594228312,https://a.espncdn.com/combiner/i?img=/i/headshots/nba/players/full/3059307.png&w=350&h=254,15,32,14,24,21,15
425,Kemba Walker,37,149,73,76,0.501,431,7,31,3038472.5972236795,https://a.espncdn.com/combiner/i?img=/i/headshots/nba/players/full/6479.png&w=350&h=254,41,62,35,32,24,42
426,Lonnie Walker IV,70,311,111,200,0.48,849,19,23,5157694.889526594,https://a.espncdn.com/combiner/i?img=/i/headshots/nba/players/full/4277890.png&w=350&h=254,73,75,70,20,53,72
427,Duane Washington Jr.,48,173,81,92,0.5,473,3,21,1967484.4802430123,https://a.espncdn.com/combiner/i?img=/i/headshots/nba/players/full/4397235.png&w=350&h=254,45,67,42,31,14,46
428,P.J. Washington,65,250,110,140,0.573,668,61,23,5381412.72748671,https://a.espncdn.com/combiner/i?img=/i/headshots/nba/players/full/4278078.png&w=350&h=254,62,75,56,77,90,62
429,Yuta Watanabe,38,56,27,29,0.504,163,16,27,2030327.3220404792,https://a.espncdn.com/combiner/i?img=/i/headshots/nba/players/full/3133838.png&w=350&h=254,19,36,16,35,46,21
430,Lindy Waters III,25,71,53,18,0.557,199,8,24,3581302.4658005848,https://a.espncdn.com/combiner/i?img=/i/headshots/nba/players/full/4066317.png&w=350&h=254,23,52,12,70,27,24
431,Trendon Watford,48,142,9,133,0.549,364,28,21,1830415.3927029923,https://a.espncdn.com/combiner/i?img=/i/headshots/nba/players/full/4431675.png&w=350&h=254,40,22,55,64,67,39
432,Paul Watson,9,12,6,6,0.429,31,3,27,1617858.173345012,https://a.espncdn.com/combiner/i?img=/i/headshots/nba/players/full/3058030.png&w=350&h=254,6,19,7,7,14,5
433,Russell Westbrook,78,548,79,469,0.476,1441,20,33,3239425.594325446,https://a.espncdn.com/combiner/i?img=/i/headshots/nba/players/full/3468.png&w=350&h=254,92,65,95,18,55,91
434,Coby White,61,279,136,143,0.539,772,11,21,6845902.477708701,https://a.espncdn.com/combiner/i?img=/i/headshots/nba/players/full/4395651.png&w=350&h=254,68,82,57,57,33,69
435,Derrick White,150,674,230,444,0.4909999999999999,1984,116,27,16524892.423004905,https://a.espncdn.com/combiner/i?img=/i/headshots/nba/players/full/3078576.png&w=350&h=254,96,96,94,26,97,97
436,Joe Wieskamp,29,20,14,6,0.482,61,3,22,794826.3202425719,https://a.espncdn.com/combiner/i?img=/i/headshots/nba/players/full/4397033.png&w=350&h=254,9,27,7,21,14,10
437,Aaron Wiggins,50,156,42,114,0.525,416,10,23,2100685.1714626905,https://a.espncdn.com/combiner/i?img=/i/headshots/nba/players/full/4397183.png&w=350&h=254,42,46,49,46,31,42
438,Andrew Wiggins,73,475,157,318,0.543,1256,51,26,25268377.659677275,https://a.espncdn.com/combiner/i?img=/i/headshots/nba/players/full/3059319.png&w=350&h=254,88,87,85,61,85,86
439,Grant Williams,77,205,106,99,0.597,602,57,23,4372192.467134232,https://a.espncdn.com/combiner/i?img=/i/headshots/nba/players/full/4066218.png&w=350&h=254,53,74,45,88,88,56
440,Kenrich Williams,49,146,41,105,0.525,363,10,27,2215227.498110867,https://a.espncdn.com/combiner/i?img=/i/headshots/nba/players/full/3133626.png&w=350&h=254,41,45,46,46,31,39
441,Lou Williams,56,125,37,88,0.448,354,3,35,4159265.247904677,https://a.espncdn.com/combiner/i?img=/i/headshots/nba/players/full/2799.png&w=350&h=254,36,42,40,10,14,38
442,Patrick Williams,17,54,15,39,0.603,153,9,20,4958746.176802977,https://a.espncdn.com/combiner/i?img=/i/headshots/nba/players/full/4431687.png&w=350&h=254,19,29,20,89,29,19
443,Robert Williams,61,271,0,271,0.736,607,134,24,11958322.589395989,https://a.espncdn.com/combiner/i?img=/i/headshots/nba/players/full/4066211.png&w=350&h=254,66,7,80,98,98,57
444,Ziaire Williams,62,191,76,115,0.54,501,12,20,4433171.481391705,https://a.espncdn.com/combiner/i?img=/i/headshots/nba/players/full/4433137.png&w=350&h=254,49,63,49,58,37,48
445,Dylan Windler,50,37,21,16,0.485,110,3,25,2681629.894485557,https://a.espncdn.com/combiner/i?img=/i/headshots/nba/players/full/3906786.png&w=350&h=254,14,33,11,23,14,15
446,Justise Winslow,96,220,30,190,0.4566666666666667,548,50,25,4312867.075563948,https://a.espncdn.com/combiner/i?img=/i/headshots/nba/players/full/3135047.png&w=350&h=254,57,39,68,12,85,52
447,Christian Wood,68,440,131,309,0.576,1218,65,26,15852258.712131402,https://a.espncdn.com/combiner/i?img=/i/headshots/nba/players/full/3058254.png&w=350&h=254,84,80,84,80,91,85
448,Delon Wright,77,122,44,78,0.535,342,19,29,5820740.551726763,https://a.espncdn.com/combiner/i?img=/i/headshots/nba/players/full/3064447.png&w=350&h=254,35,47,35,54,53,37
449,Thaddeus Young,104,282,34,248,0.5506666666666667,644,36,33,7118002.137383499,https://a.espncdn.com/combiner/i?img=/i/headshots/nba/players/full/3244.png&w=350&h=254,69,41,77,65,75,60
450,Trae Young,76,711,233,478,0.536,2155,7,23,29621926.79837253,https://a.espncdn.com/combiner/i?img=/i/headshots/nba/players/full/4277905.png&w=350&h=254,97,97,96,55,24,98
451,Omer Yurtseven,56,130,1,129,0.528,299,20,23,2007695.939893644,https://a.espncdn.com/combiner/i?img=/i/headshots/nba/players/full/3074213.png&w=350&h=254,37,11,53,49,55,32
452,Cody Zeller,27,51,0,51,0.567,140,6,29,917908.813524905,https://a.espncdn.com/combiner/i?img=/i/headshots/nba/players/full/2579258.png&w=350&h=254,17,7,26,75,21,18
453,Ivica Zubac,76,310,0,310,0.626,785,77,24,10241064.045144746,https://a.espncdn.com/combiner/i?img=/i/headshots/nba/players/full/4017837.png&w=350&h=254,73,7,84,92,94,70
